Index,Title,Artist,Top Genre,Year,Beats Per Minute (BPM),Energy,Danceability,Loudness (dB),Liveness,Valence,Length (Duration),Acousticness,Speechiness,Popularity
1,Sunrise,Norah Jones,adult standards,2004,157,30,53,-14,11,68,201,94,3,71
2,Black Night,Deep Purple,album rock,2000,135,79,50,-11,17,81,207,17,7,39
3,Clint Eastwood,Gorillaz,alternative hip hop,2001,168,69,66,-9,7,52,341,2,17,69
4,The Pretender,Foo Fighters,alternative metal,2007,173,96,43,-4,3,37,269,0,4,76
5,Waitin' On A Sunny Day,Bruce Springsteen,classic rock,2002,106,82,58,-5,10,87,256,1,3,59
6,The Road Ahead (Miles Of The Unknown),City To City,alternative pop rock,2004,99,46,54,-9,14,14,247,0,2,45
7,She Will Be Loved,Maroon 5,pop,2002,102,71,71,-6,13,54,257,6,3,74
8,Knights of Cydonia,Muse,modern rock,2006,137,96,37,-5,12,21,366,0,14,69
9,Mr. Brightside,The Killers,modern rock,2004,148,92,36,-4,10,23,223,0,8,77
10,Without Me,Eminem,detroit hip hop,2002,112,67,91,-3,24,66,290,0,7,82
11,Love Me Tender,Elvis Presley,adult standards,2002,109,5,44,-16,11,31,162,88,4,49
12,Seven Nation Army,The White Stripes,alternative rock,2003,124,46,74,-8,26,32,232,1,8,74
13,Als Het Golft,De Dijk,dutch indie,2000,102,88,54,-6,53,59,214,2,3,34
14,I'm going home,Ten Years After,album rock,2005,117,93,38,-2,81,40,639,18,10,26
15,Fluorescent Adolescent,Arctic Monkeys,garage rock,2007,112,81,65,-5,14,82,173,0,3,66
16,Zonder Jou,Paul de Leeuw,dutch cabaret,2006,133,42,42,-10,16,25,236,84,4,48
17,Speed of Sound,Coldplay,permanent wave,2005,123,90,52,-7,7,36,288,0,6,69
18,Uninvited,Alanis Morissette,alternative rock,2005,127,54,38,-5,9,19,276,2,3,57
19,Music,John Miles,classic uk pop,2004,87,31,27,-13,63,12,352,1,3,46
20,Cry Me a River,Justin Timberlake,dance pop,2002,74,65,62,-7,10,56,288,57,18,74
21,Fix You,Coldplay,permanent wave,2005,138,42,21,-9,11,12,296,16,3,81
22,The Cave,Mumford & Sons,modern folk rock,2009,142,51,60,-10,11,35,218,5,4,67
23,Als De Morgen Is Gekomen,Jan Smit,dutch pop,2006,96,89,63,-6,9,81,176,5,3,55
24,Somebody Told Me,The Killers,modern rock,2004,138,99,51,-3,12,65,197,0,9,69
25,Dichterbij Dan Ooit,BLØF,dutch pop,2002,112,74,65,-7,23,52,261,18,3,16
26,Miracle,Ilse DeLange,dutch americana,2008,130,48,55,-8,10,18,270,48,3,50
27,Smokers Outside the Hospital Doors,Editors,alternative dance,2007,123,68,53,-4,12,55,298,0,4,56
28,Cleanin' Out My Closet,Eminem,detroit hip hop,2002,148,76,91,-5,8,87,298,7,17,71
29,Der Weg,Herbert Grönemeyer,german pop,2008,142,24,34,-11,12,19,259,92,4,48
30,7 Seconds (feat. Neneh Cherry),Youssou N'Dour,afropop,2004,154,70,68,-10,33,51,306,8,3,59
31,The Scientist,Coldplay,permanent wave,2002,146,44,56,-7,11,21,310,73,2,84
32,Big Log - 2006 Remaster,Robert Plant,album rock,2007,181,59,56,-9,20,68,306,32,3,57
33,Chasing Pavements,Adele,british soul,2008,80,47,62,-6,11,33,211,31,3,63
34,Don't Know Why,Norah Jones,adult standards,2002,88,20,73,-12,7,62,186,88,3,74
35,Tears Dry On Their Own,Amy Winehouse,british soul,2006,122,87,64,-3,29,45,185,49,12,72
36,The Eyes of Jenny,Sandy Coast,classic uk pop,2009,119,53,68,-12,8,68,264,34,4,44
37,Iris,The Goo Goo Dolls,alternative rock,2007,156,79,29,-6,8,51,290,0,4,75
38,The Saints Are Coming,U2,irish rock,2006,152,81,32,-7,15,12,202,8,5,40
39,All My Life,Foo Fighters,alternative metal,2002,168,60,58,-6,48,65,263,0,5,72
40,De Weg,Guus Meeuwis,dutch pop,2005,72,21,46,-11,11,26,266,91,3,42
41,Don't Let Me Be Misunderstood,Santa Esmeralda,disco,2003,118,82,67,-9,5,78,629,3,8,59
42,Traffic - Radio Edit,Tiësto,big room,2009,138,64,71,-10,19,10,177,0,9,53
43,Take Me Out,Franz Ferdinand,alternative rock,2004,105,68,28,-9,14,49,237,0,4,74
44,American Idiot,Green Day,modern rock,2004,186,99,38,-2,37,77,176,0,6,78
45,Breaking the Habit,Linkin Park,alternative metal,2003,100,85,58,-5,9,58,197,11,3,65
46,Come Undone,Robbie Williams,dance pop,2002,168,57,38,-5,35,26,278,4,3,56
47,Sweet Jane,Lou Reed,art rock,2008,115,46,83,-10,70,88,331,48,6,43
48,Run,Snow Patrol,irish rock,2004,75,64,37,-6,17,20,355,0,3,65
49,"You're The First, The Last, My Everything",Barry White,adult standards,2009,131,72,64,-7,14,80,213,1,4,67
50,The Day After Tomorrow,Saybia,danish pop rock,2005,76,77,46,-5,14,35,234,1,3,51
51,Just Breathe,Pearl Jam,alternative rock,2009,108,35,47,-11,8,28,216,72,3,69
52,Dansen Aan Zee,BLØF,dutch pop,2000,194,43,35,-11,10,26,275,16,3,52
53,Goodbye My Lover,James Blunt,neo mellow,2005,90,26,43,-13,9,27,259,95,5,69
54,The Unforgiven III,Metallica,alternative metal,2008,122,77,30,-3,12,9,467,0,3,52
55,Hurt,Christina Aguilera,dance pop,2006,149,30,33,-7,11,14,243,78,3,67
56,Grounds for Divorce,Elbow,britpop,2009,92,76,52,-5,57,63,219,42,3,43
57,Sometimes You Can't Make It On Your Own,U2,irish rock,2004,96,60,53,-6,11,35,305,0,2,57
58,"Listen (From the Motion Picture ""Dreamgirls"")",Beyoncé,dance pop,2006,123,59,48,-5,18,20,218,27,5,44
59,I Want It That Way,Backstreet Boys,boy band,2001,99,70,69,-6,16,48,214,22,3,77
60,Goin To The Run,Golden Earring,album rock,2008,124,59,47,-8,28,18,236,42,3,38
61,De Neus Umhoeg,Rowwen Hèze,carnaval limburg,2005,132,41,62,-14,10,51,215,7,3,32
62,Solitary Man,Johnny Cash,arkansas country,2000,86,56,44,-7,25,70,144,35,3,47
63,Smoorverliefd,Doe Maar,dutch cabaret,2008,166,75,70,-9,19,91,195,13,10,48
64,Me Gustas Tu,Manu Chao,latin alternative,2001,176,NaN,66,-7,22,91,240,66,8,70
65,Kryptonite,3 Doors Down,alternative metal,2000,99,87,55,-6,17,54,234,1,3,77
66,Crazy,Seal,british soul,2004,103,NaN,63,-7,7,73,357,21,5,63
67,Family Portrait,P!nk,dance pop,2001,92,69,76,-5,57,73,297,3,5,56
68,In The Army Now,Status Quo,album rock,2002,105,73,68,-8,14,94,281,11,2,59
69,I Surrender,Saybia,danish pop rock,2004,136,43,28,-7,6,7,219,28,3,55
70,Maybe Tomorrow,Stereophonics,britpop,2003,81,65,50,-7,33,57,273,22,4,64
71,Make You Feel My Love,Adele,british soul,2008,77,18,55,-11,11,9,212,89,3,73
72,No One Knows,Queens of the Stone Age,alternative metal,2002,171,58,51,-5,37,67,279,3,6,65
73,Where Do You Go To (My Lovely) - Re-Recorded,Peter Sarstedt,british folk,2008,183,44,56,-8,12,44,NaN,29,3,58
74,The Wild Rover,The Dubliners,celtic,2008,178,68,30,-8,43,77,249,83,25,46
75,Little Lion Man,Mumford & Sons,modern folk rock,2009,139,48,52,-8,9,46,247,3,3,67
76,Dirty Diana,Michael Jackson,pop,2003,131,80,75,-5,42,37,281,24,5,55
77,Ne me quitte pas,Jacques Brel,chanson,2004,101,24,42,-11,19,30,229,82,5,58
78,Sad Man's Tongue,Volbeat,alternative metal,2007,110,96,43,-4,17,56,186,0,4,57
79,Wat Zou Je Doen - Live,Marco Borsato,dutch cabaret,2006,104,92,66,-6,61,46,229,38,17,30
80,One Day Like This,Elbow,britpop,2009,159,67,43,-6,14,38,394,9,3,45
81,Bagagedrager,Spinvis,dutch indie,2002,160,71,50,-8,43,33,375,8,5,45
82,Wêr Bisto,Twarres,dutch pop,2001,88,32,52,-11,9,18,226,33,2,48
83,Only Time,Enya,celtic,2000,83,25,42,-14,11,21,219,84,3,70
84,Sorry Seems To Be The Hardest Word,Blue,boy band,2004,79,60,56,-7,38,44,210,18,3,58
85,Self Esteem,The Offspring,alternative metal,2005,105,91,46,-4,36,61,258,2,6,72
86,Aanzoek Zonder Ringen,BLØF,dutch pop,2006,160,85,55,-8,32,46,283,2,4,42
87,Modern World,Anouk,dutch indie,2007,120,76,70,-5,13,68,210,12,6,42
88,Rosie,Claw Boys Claw,dutch indie,2007,100,NaN,59,-12,11,64,264,47,3,43
89,This Is Not America - 2002 Remaster,David Bowie,album rock,2002,115,67,72,-12,5,65,231,6,4,43
90,Times Like These,Foo Fighters,alternative metal,2002,145,91,38,-4,24,27,266,0,9,65
91,De Vondeling Van Ameland,Boudewijn de Groot,dutch indie,2007,110,35,39,-10,11,16,306,67,3,19
92,I'm Gonna Be (500 Miles),The Proclaimers,celtic rock,2003,132,55,85,-5,8,81,219,15,4,74
93,Afscheid Nemen Bestaat Niet,Marco Borsato,dutch cabaret,2006,128,40,40,-9,9,22,240,3,3,49
94,Blauwe Ruis,BLØF,dutch pop,2002,130,70,52,-7,13,35,268,4,4,41
95,Limburg - Live,Rowwen Hèze,carnaval limburg,2008,157,93,23,-5,93,28,403,29,17,32
96,21 Guns,Green Day,modern rock,2009,160,74,27,-5,63,42,321,5,4,75
97,Valerie (feat. Amy Winehouse) - Version Revisited,Mark Ronson,dance pop,2007,106,84,70,-5,12,89,219,0,5,62
98,Blaosmuziek,Gé Reinders,carnaval limburg,2005,61,13,27,-14,33,18,232,94,4,38
99,Binnen,Marco Borsato,dutch cabaret,2002,92,90,50,-7,15,67,275,1,6,30
100,Motorcycle Emptiness,Manic Street Preachers,alternative rock,2002,112,81,53,-4,16,21,306,0,3,39
101,In the End,Linkin Park,alternative metal,2000,105,86,56,-6,21,40,217,1,6,83
102,Halt mich,Herbert Grönemeyer,german pop,2008,104,44,29,-7,8,16,207,79,3,44
103,Girl,Anouk,dutch indie,2004,136,80,67,-5,6,79,211,1,3,56
104,"Trapped - Live at Meadowlands Arena, E. Rutherford, NJ - August 1984",Bruce Springsteen,classic rock,2003,162,62,32,-6,60,36,308,3,3,40
105,Ik Wou Dat Ik Jou Was,Veldhuis & Kemper,dutch cabaret,2003,160,61,36,-6,11,49,237,54,4,58
106,Empire State of Mind (Part II) Broken Down,Alicia Keys,hip pop,2009,93,37,48,-8,12,14,216,74,3,75
107,Numb / Encore,JAY-Z,east coast hip hop,2004,107,79,69,-4,58,75,206,6,17,75
108,Ben Ik Te Min,Armand,dutch rock,2009,101,69,62,-7,6,56,208,28,3,47
109,All Summer Long,Kid Rock,alternative metal,2007,103,86,70,-4,10,89,298,2,3,72
110,Forever Autumn,Jeff Wayne,classic uk pop,2007,122,49,35,-7,21,21,273,47,3,41
111,Waiting On the World to Change,John Mayer,neo mellow,2006,177,76,58,-6,25,66,201,16,12,74
112,Everybody's Changing,Keane,modern rock,2004,94,84,52,-4,10,46,215,0,3,54
113,How to Save a Life,The Fray,modern rock,2005,122,74,64,-4,10,36,263,27,4,80
114,"Bloed, Zweet En Tranen",Andre Hazes,dutch pop,2002,68,72,60,-4,35,37,242,8,3,59
115,"Lose Yourself - From ""8 Mile"" Soundtrack",Eminem,detroit hip hop,2005,171,74,69,-5,36,6,326,1,26,77
116,Europa (Earth's Cry Heaven's Smile),Santana,blues rock,2007,75,67,30,-5,15,68,306,3,5,59
117,Feeling Good,Muse,modern rock,2001,109,42,35,-8,10,27,199,30,3,51
118,"Harder, Better, Faster, Stronger",Daft Punk,electro,2001,123,72,82,-9,36,69,225,4,14,71
119,Use Somebody,Kings of Leon,modern rock,2008,137,72,28,-5,20,17,231,1,4,76
120,Sweet Disposition,The Temper Trap,alternative dance,2009,129,82,53,-7,12,34,231,7,4,64
121,Single Ladies (Put a Ring on It),Beyoncé,dance pop,2008,193,58,43,-5,19,27,193,4,30,70
122,You're the Voice,John Farnham,australian pop,2008,85,76,37,-9,58,64,302,22,5,62
123,Voltooid Verleden Tijd,IOS,dutch pop,2009,138,44,46,-9,10,15,294,66,3,39
124,Eternal Flame,The Bangles,album rock,2004,79,36,53,-7,9,40,238,53,2,70
125,Papa Was A Rolling Stone,The Temptations,adult standards,2001,120,60,85,-12,19,87,433,6,4,44
126,Crazy In Love (feat. Jay-Z),Beyoncé,dance pop,2003,99,77,65,-7,7,68,236,0,23,75
127,Best of You,Foo Fighters,alternative metal,2005,130,94,37,-5,19,37,256,0,7,75
128,Daughters,John Mayer,neo mellow,2003,125,41,67,-8,10,50,238,84,3,68
129,De wedstrijd,Bram Vermeulen,belgian rock,2006,136,85,58,-6,79,58,302,53,5,42
130,Papillon,Editors,alternative dance,2009,126,95,51,-5,30,63,324,0,6,56
131,Sadeness,Enigma,downtempo,2001,96,64,59,-10,9,49,256,9,3,58
132,Red Mij Niet - Single Edit,Maarten Van Roozendaal,dutch indie,2001,119,38,52,-9,10,13,270,76,4,36
133,Love Is A Losing Game,Amy Winehouse,british soul,2006,165,56,48,-6,18,54,154,32,3,67
134,Zij,Marco Borsato,dutch cabaret,2002,58,40,25,-9,9,11,245,45,4,52
135,Tribute,Tenacious D,alternative metal,2001,94,77,37,-6,9,42,248,18,7,59
136,You Know I'm No Good,Amy Winehouse,british soul,2006,103,81,71,-4,7,73,257,1,3,74
137,Talk,Coldplay,permanent wave,2005,120,56,41,-11,16,16,311,1,3,63
138,Love Is A Battlefield,Pat Benatar,album rock,2001,91,63,67,-12,10,86,245,1,5,54
139,Home,Michael Bublé,adult standards,2005,128,37,61,-9,11,35,226,84,3,64
140,Sonne,Rammstein,alternative metal,2001,75,92,51,-5,40,31,272,1,9,60
141,I Gotta Feeling,The Black Eyed Peas,dance pop,2009,128,77,74,-6,51,61,289,9,3,69
142,She Sells Sanctuary,The Cult,album rock,2000,139,77,55,-9,13,42,253,0,3,63
143,Alie,Normaal,dutch rock,2008,93,77,52,-11,6,93,181,14,6,42
144,Red Red Wine,UB40,reggae fusion,2000,89,47,86,-9,27,84,184,0,5,74
145,A Little Less Conversation - JXL Radio Edit Remix,Elvis Presley,adult standards,2002,115,97,60,-6,13,72,212,0,5,64
146,Love You More,Racoon,dutch indie,2005,171,20,34,-11,11,30,197,76,3,43
147,Old Man,Neil Young,album rock,2004,141,30,71,-12,10,48,203,44,3,44
148,Zij Maakt Het Verschil,De Poema's,dutch pop,2003,173,55,34,-8,12,36,280,33,4,54
149,I Want To Hold Your Hand - Remastered 2015,The Beatles,british invasion,2000,131,72,49,-6,31,87,146,39,5,75
150,Black Magic Woman,Santana,blues rock,2007,124,55,50,-7,9,63,196,68,3,62
151,Set The Fire To The Third Bar,Snow Patrol,irish rock,2006,96,38,54,-7,8,39,204,52,3,49
152,Ghost Love Score,Nightwish,finnish metal,2004,101,78,44,-5,29,19,602,1,4,38
153,Going To A Town,Rufus Wainwright,canadian pop,2007,124,46,56,-7,10,19,245,72,3,38
154,Is Dit Alles,Doe Maar,dutch cabaret,2008,121,41,83,-14,5,88,324,46,13,44
155,A Gentleman's Excuse Me,Fish,album rock,2008,126,17,33,-14,32,19,259,86,4,44
156,God Put a Smile upon Your Face,Coldplay,permanent wave,2002,127,56,61,-6,4,24,297,18,3,64
157,Heartbreak Warfare,John Mayer,neo mellow,2009,97,55,62,-8,30,31,270,19,2,66
158,Sailing to Philadelphia,Mark Knopfler,classic rock,2005,99,48,59,-10,9,15,353,64,2,39
159,Accidentally In Love,Counting Crows,alternative rock,2004,138,93,55,-4,9,81,189,4,4,59
160,It's Raining Men,The Weather Girls,disco,2008,136,93,66,-6,70,46,212,46,16,58
161,One Word,Anouk,dutch indie,2004,92,57,62,-8,11,34,243,10,3,52
162,Goodnight Saigon,Billy Joel,album rock,2001,129,39,59,-14,7,15,423,13,6,46
163,Moonlight Shadow,Mike Oldfield,album rock,2009,129,72,61,-8,36,80,218,29,3,64
164,Zing - Vecht - Huil - Bid - Lach - Werk En Bewonder,Ramses Shaffy,dutch cabaret,2006,130,32,53,-17,97,46,281,53,8,41
165,Uprising,Muse,modern rock,2009,128,91,60,-4,12,41,305,0,8,76
166,My Immortal,Evanescence,alternative metal,2003,79,27,19,-9,13,10,263,86,4,74
167,Feel Like Flying,Racoon,dutch indie,2005,98,69,67,-7,10,83,213,6,3,41
168,Everything,Michael Bublé,adult standards,2007,123,69,69,-5,9,49,212,39,3,73
169,Hey There Delilah,Plain White T's,neo mellow,2005,104,29,66,-11,11,30,233,87,3,80
170,Speeltuin,Marco Borsato,dutch cabaret,2002,112,8,53,-16,11,31,135,92,5,50
171,"Comptine d'un autre été, l'après-midi",Yann Tiersen,bow pop,2001,100,19,48,-15,11,6,141,99,5,56
172,Sweet Goodbyes,Krezip,dutch indie,2009,110,33,63,-9,11,47,193,74,3,56
173,The Man Who Can't Be Moved,The Script,celtic rock,2008,100,63,61,-5,10,33,241,43,3,64
174,"Free Fallin' - Live at the Nokia Theatre, Los Angeles, CA - December 2007",John Mayer,neo mellow,2008,173,30,32,-13,70,44,264,77,3,75
175,Halo,Beyoncé,dance pop,2008,80,72,51,-6,6,47,262,27,6,78
176,Hollereer,De Jeugd Van Tegenwoordig,dutch hip hop,2008,190,76,79,-7,10,49,346,3,24,46
177,Hier,BLØF,dutch pop,2000,164,76,50,-8,14,58,248,0,3,40
178,Ice Queen,Within Temptation,dutch metal,2003,92,57,26,-8,11,15,319,4,3,47
179,Another 45 Miles,Golden Earring,album rock,2008,91,59,56,-10,23,48,284,28,3,50
180,Like a Hurricane - 2003 Remaster,Neil Young,album rock,2004,114,83,42,-5,16,61,501,1,4,49
181,Father & Friend,Alain Clark,dutch pop,2007,98,62,66,-9,7,66,256,51,3,35
182,"(I've Had) The Time of My Life - From ""Dirty Dancing"" Soundtrack",Bill Medley,soft rock,2004,109,78,70,-8,6,39,289,9,5,70
183,The Blower's Daughter,Damien Rice,acoustic pop,2003,133,20,34,-14,34,7,NaN,13,3,56
184,Magnificent,U2,irish rock,2009,115,72,53,-6,11,59,324,0,3,44
185,Virtual Insanity - Remastered,Jamiroquai,acid jazz,2006,92,95,66,-5,14,52,229,13,11,69
186,Belle Hélène,Doe Maar,dutch cabaret,2008,138,56,74,-10,8,98,170,11,4,49
187,Go With The Flow,Queens of the Stone Age,alternative metal,2002,159,99,24,-4,83,37,187,1,10,58
188,Sound Of The Screameng Day,Golden Earrings,dutch prog,2008,138,55,59,-8,29,50,171,0,3,26
189,Plug in Baby,Muse,modern rock,2001,136,97,41,-4,11,35,218,0,5,53
190,Heavy Cross,Gossip,alternative dance,2009,120,69,79,-4,14,22,243,8,3,59
191,Nederwiet,Doe Maar,dutch cabaret,2008,131,71,78,-9,6,61,414,46,19,39
192,Heart Of Glass,Blondie,candy pop,2006,115,70,73,-8,6,41,252,0,3,52
193,The Real Slim Shady,Eminem,detroit hip hop,2000,105,66,95,-4,5,76,284,3,6,80
194,Stuck In A Moment You Can't Get Out Of,U2,irish rock,2000,159,64,52,-5,17,32,272,39,2,52
195,Tumble and Fall,JOHAN,dutch indie,2001,170,61,45,-7,9,48,209,2,3,36
196,Les lacs du Connemara,Michel Sardou,chanson,2004,112,59,30,-10,63,40,364,57,5,59
197,Hier Kom Ik Weg,Daniël Lohues,dutch indie,2008,92,38,57,-10,13,53,208,85,3,39
198,Starlight,Muse,modern rock,2006,122,87,55,-4,21,32,240,0,3,73
199,Dakota,Stereophonics,britpop,2005,147,93,51,-3,9,31,297,13,7,68
200,Time To Say Goodbye (Con Te Partirò),Sarah Brightman,operatic pop,2006,105,44,29,-7,10,45,246,91,3,59
201,Green Eyes,Coldplay,permanent wave,2002,130,41,61,-9,23,23,223,54,3,63
202,Silence (feat. Sarah McLachlan) - DJ Tiësto's In Search of Sunrise Edit,Delerium,trance,2004,138,85,60,-6,6,9,235,1,6,58
203,De Kapitein Deel II,Acda en de Munnik,dutch cabaret,2000,115,61,67,-11,11,67,181,41,3,51
204,Supermassive Black Hole,Muse,modern rock,2006,120,92,67,-4,9,78,212,5,4,73
205,Pak Maar M'n Hand,Nick & Simon,dutch pop,2007,166,57,32,-5,11,38,212,38,3,59
206,De Bom,Doe Maar,dutch cabaret,2008,133,81,86,-8,12,85,161,31,4,49
207,Bombay,Golden Earring,album rock,2008,125,92,52,-7,2,73,234,2,5,34
208,Mary Jane's Last Dance,Tom Petty and the Heartbreakers,album rock,2008,170,66,46,-9,33,53,274,3,6,72
209,Oerend Hard,Normaal,dutch rock,2008,127,66,66,-10,8,84,225,12,10,52
210,Society,Eddie Vedder,permanent wave,2007,162,33,56,-11,11,30,236,90,3,67
211,White Flag,Dido,dance pop,2003,170,54,51,-7,9,28,241,31,4,54
212,Heaven Must Be Missing An Angel - Pt. 1,Tavares,adult standards,2004,117,75,61,-9,39,97,394,1,3,49
213,Wake Me up When September Ends,Green Day,modern rock,2004,105,81,55,-5,10,15,286,2,3,77
214,Can't Stop,Red Hot Chili Peppers,alternative rock,2002,91,94,62,-3,17,88,269,2,5,80
215,Driving Home for Christmas,Chris Rea,art rock,2007,180,66,50,-9,21,89,240,33,4,80
216,Mutter,Rammstein,alternative metal,2001,116,62,49,-7,13,8,269,2,3,51
217,Pa,Doe Maar,dutch cabaret,2008,129,59,93,-12,11,96,219,43,5,41
218,Blauw,The Scene,belgian rock,2007,135,75,51,-7,14,28,236,0,3,47
219,Spicks And Specks,Bee Gees,adult standards,2001,123,63,65,-7,28,71,172,78,3,47
220,Stan,Eminem,detroit hip hop,2000,80,77,78,-4,52,51,404,4,24,75
221,Beautiful,Christina Aguilera,dance pop,2002,76,57,46,-4,11,10,239,58,3,71
222,Gravity,John Mayer,neo mellow,2006,124,33,76,-10,24,24,246,73,3,75
223,Leave the Light On,Beth Hart,blues rock,2009,142,48,57,-6,10,16,244,26,3,32
224,Ruthless Queen,Kayak,dutch prog,2009,124,46,53,-10,20,22,291,8,3,32
225,Everlong - Acoustic Version,Foo Fighters,alternative metal,2009,144,34,64,-11,11,55,251,91,3,69
226,Here Without You,3 Doors Down,alternative metal,2002,144,55,54,-7,13,23,239,5,2,75
227,One,Mary J. Blige,dance pop,2005,186,87,34,-3,13,27,260,8,8,61
228,Mijn Houten Hart,De Poema's,dutch pop,2003,70,59,43,-6,9,25,259,46,3,45
229,Mad World (Feat. Michael Andrews),Gary Jules,neo mellow,2002,174,6,35,-17,10,30,190,98,4,70
230,Sinds 1 Dag Of 2 (32 Jaar),Doe Maar,dutch cabaret,2008,114,60,88,-11,14,96,201,28,4,53
231,Feeling Good,Michael Bublé,adult standards,2005,115,55,54,-7,12,48,237,53,4,64
232,The Wall Street Shuffle,10cc,album rock,2004,98,50,52,-11,11,66,242,16,3,46
233,Song 2,Blur,alternative rock,2000,130,71,66,-7,7,86,122,0,9,64
234,I Would Stay,Krezip,dutch indie,2000,95,26,47,-11,12,27,232,82,4,55
235,Piano Man,Billy Joel,album rock,2001,179,47,33,-9,32,43,336,60,3,70
236,Fireflies,Owl City,pop,2009,180,66,51,-7,12,46,228,3,4,79
237,Lost,Anouk,dutch indie,2004,90,25,52,-10,14,14,222,22,3,51
238,Woman,Wolfmother,alternative rock,2006,113,95,22,-4,16,17,176,0,18,62
239,Where Is The Love?,The Black Eyed Peas,dance pop,2003,94,70,83,-3,13,80,273,11,20,66
240,Yellow,Coldplay,permanent wave,2000,173,66,43,-7,23,28,267,0,3,82
241,This Is The Life,Amy Macdonald,scottish singer-songwriter,2007,95,88,62,-5,7,86,184,27,3,41
242,Wicked Game,Chris Isaak,mellow gold,2006,113,55,67,-8,9,29,287,74,3,70
243,Breakeven,The Script,celtic rock,2008,94,70,63,-5,8,53,261,17,2,74
244,Not An Addict,K's Choice,alternative pop,2009,169,65,26,-7,12,34,288,0,4,43
245,So Incredible,Ilse DeLange,dutch americana,2008,104,86,54,-6,72,75,177,11,3,54
246,Mr Rock & Roll,Amy Macdonald,scottish singer-songwriter,2007,111,87,60,-5,11,44,215,3,3,30
247,Will You Be There - Single Version,Michael Jackson,pop,2005,83,63,41,-7,8,44,220,51,7,53
248,Vlinder,Rowwen Hèze,carnaval limburg,2003,175,79,35,-5,38,80,231,16,4,33
249,Cambodia,Kim Wilde,dance pop,2006,111,57,70,-8,11,71,236,1,3,51
250,Back To Black,Amy Winehouse,british soul,2006,123,73,49,-3,10,34,240,12,4,77
251,Dochters,Marco Borsato,dutch cabaret,2008,128,52,64,-10,11,36,270,57,3,57
252,Hocus Pocus,Focus,album rock,2001,184,82,26,-6,28,40,403,2,15,53
253,Mensch,Herbert Grönemeyer,german pop,2008,174,78,68,-6,8,87,270,3,8,47
254,Amsterdam,Coldplay,permanent wave,2002,73,18,26,-10,12,11,319,84,3,57
255,Time Is Running Out,Muse,modern rock,2004,118,84,59,-6,9,43,237,0,6,69
256,Rain Down on Me,Kane,dutch pop,2003,133,88,46,-3,11,33,247,0,6,47
257,Denis,Blondie,candy pop,2006,139,77,53,-7,6,86,139,0,5,42
258,Hometown Glory,Adele,british soul,2008,123,34,45,-9,10,21,269,96,4,59
259,Live And Let Die - Live,Paul McCartney,album rock,2003,150,93,24,-3,97,23,185,36,8,60
260,I Still Cry,Ilse DeLange,dutch americana,2000,98,35,54,-9,13,16,274,32,3,30
261,Ren Lenny Ren,Acda en de Munnik,dutch cabaret,2002,110,87,51,-5,33,43,233,1,5,43
262,In My Place,Coldplay,permanent wave,2002,145,59,43,-5,30,19,227,6,3,70
263,Numb,Linkin Park,alternative metal,2003,110,86,50,-4,64,24,186,0,4,81
264,Slow Dancing in a Burning Room,John Mayer,neo mellow,2006,134,36,67,-9,8,29,242,57,3,76
265,Empire State Of Mind,JAY-Z,east coast hip hop,2009,174,96,49,-2,46,81,277,3,39,77
266,Drops of Jupiter,Train,dance pop,2001,79,64,47,-6,15,50,260,15,3,77
267,Omarm,BLØF,dutch pop,2003,184,44,27,-9,10,8,252,41,3,46
268,(What A) Wonderful World,Sam Cooke,adult standards,2000,129,51,69,-10,46,89,125,63,3,71
269,Teardrops,Womack & Womack,disco,2001,133,72,87,-10,18,97,229,9,5,61
270,The Rising,Bruce Springsteen,classic rock,2002,110,76,50,-6,9,33,287,7,3,53
271,Snow (Hey Oh),Red Hot Chili Peppers,alternative rock,2006,105,90,43,-4,12,60,335,12,5,80
272,I Don't Wanna Hurt,Anouk,dutch indie,2007,79,48,48,-7,10,22,213,60,3,46
273,Ordinary People,John Legend,neo mellow,2005,67,13,47,-14,9,36,281,93,8,69
274,Iedereen Is Van De Wereld,The Scene,belgian rock,2007,118,73,45,-7,29,38,228,0,4,50
275,Gold,Spandau Ballet,dance rock,2000,143,74,71,-8,10,64,231,26,4,66
276,All Night Long (All Night) - Single Version,Lionel Richie,adult standards,2003,109,58,74,-12,5,78,260,12,5,64
277,Can't Stop Loving You - 2016 Remaster,Phil Collins,mellow gold,2002,100,78,60,-6,11,42,256,1,3,62
278,City Of Blinding Lights,U2,irish rock,2004,139,77,44,-4,11,20,346,0,3,60
279,Munich,Editors,alternative dance,2005,149,88,18,-4,32,39,226,0,5,61
280,Hey Ya!,OutKast,atl hip hop,2003,80,97,73,-2,18,97,235,10,7,79
281,There Must Be an Angel (Playing with My Heart),Eurythmics,dance pop,2005,112,78,58,-5,8,60,281,28,4,40
282,Laat Me / Vivre - Lange Versie,Alderliefste met Ramses Shaffy en Liesbeth List,dutch pop,2005,81,41,66,-9,16,37,386,60,3,43
283,Watskeburt?!,De Jeugd Van Tegenwoordig,dutch hip hop,2008,130,49,95,-8,23,59,376,1,23,55
284,Feel,Robbie Williams,dance pop,2002,98,73,60,-7,14,29,264,1,3,72
285,Lady Jane - (Original Single Mono Version),The Rolling Stones,album rock,2004,205,47,38,-12,9,31,190,34,5,34
286,La Isla Bonita,Madonna,dance pop,2009,100,83,71,-5,6,97,243,39,4,66
287,Go Like Elijah,Chi Coltrane,alternative pop rock,2009,134,88,63,-5,17,49,242,4,4,40
288,Chop Suey!,System Of A Down,alternative metal,2001,127,93,42,-4,13,29,210,0,12,80
289,Sorry - (Live in Tivoli),Kyteman,dutch indie,2009,68,47,35,-9,66,20,150,94,4,47
290,Black or White - Single Version,Michael Jackson,pop,2005,115,89,74,-4,9,96,203,8,5,64
291,Shut Your Eyes,Snow Patrol,irish rock,2006,125,74,69,-6,8,84,197,15,3,42
292,Ironic,Alanis Morissette,alternative rock,2005,171,64,46,-6,19,29,229,NaN,6,62
293,I Bet You Look Good On The Dancefloor,Arctic Monkeys,garage rock,2006,103,95,54,-4,38,78,174,0,4,58
294,Hurt,Johnny Cash,arkansas country,2002,90,39,53,-8,9,16,217,65,3,75
295,Vogue,Madonna,dance pop,2009,116,88,74,-6,42,33,317,0,4,66
296,If I Were a Boy,Beyoncé,dance pop,2008,90,52,63,-6,35,43,249,11,3,68
297,Dyna-Mite,Mud,classic uk pop,2005,141,92,58,-5,20,77,177,0,6,40
298,Une Belle Histoire (Een Mooi Verhaal),Alderliefste,dutch pop,2008,87,68,57,NaN,18,67,268,36,3,38
299,Sandstorm - Radio Edit,Darude,eurodance,2007,136,98,54,-8,8,52,225,17,5,61
300,Right Next Door (Because Of Me),Robert Cray,blues,2002,87,65,61,-8,5,79,259,23,5,52
301,Hald Mich 'S Vas,Neet Oét Lottum,carnaval limburg,2004,179,54,29,-8,12,16,251,29,4,39
302,Like a Prayer,Madonna,dance pop,2009,111,84,62,-5,18,26,343,26,4,71
303,Rockin' All Over The World,Status Quo,album rock,2005,131,96,62,-5,51,97,217,13,4,47
304,Blue Hotel,Chris Isaak,mellow gold,2006,149,81,52,-4,12,53,192,0,3,42
305,Dear Mr. President,P!nk,dance pop,2009,128,30,48,-9,11,30,281,85,4,43
306,Stiekem Gedanst,Toontje Lager,dutch rock,2008,96,63,66,-10,60,84,215,21,6,53
307,Human,The Killers,modern rock,2008,135,80,56,-8,9,58,245,0,6,73
308,Lady Madonna - Remastered 2015,The Beatles,british invasion,2000,110,78,65,-5,22,57,137,14,3,63
309,Both Sides Now,Joni Mitchell,canadian folk,2000,78,14,26,-14,10,14,345,87,3,65
310,God Is a DJ,Faithless,big beat,2005,131,90,61,-7,17,39,209,18,4,57
311,Viva La Vida,Coldplay,permanent wave,2008,138,62,49,-7,11,42,242,9,3,78
312,Kids,MGMT,alternative dance,2007,123,93,45,-4,36,17,303,0,7,76
313,Bend & Break,Keane,modern rock,2004,138,84,47,-4,16,48,220,0,3,43
314,We Can Work It Out - Remastered 2015,The Beatles,british invasion,2000,106,68,38,-9,18,65,136,6,3,63
315,Sing for Absolution,Muse,modern rock,2004,170,68,44,-7,9,19,295,46,3,57
316,Superstition - Single Version,Stevie Wonder,adult standards,2002,100,63,63,-12,4,87,245,4,7,77
317,Vertigo,U2,irish rock,2004,140,82,42,-4,15,63,194,0,6,65
318,By the Way,Red Hot Chili Peppers,alternative rock,2002,122,97,45,-5,10,20,217,3,11,74
319,Hey Jude,The Beatles,british invasion,2006,74,63,46,-7,40,59,239,9,2,63
320,November,Rowwen Hèze,carnaval limburg,2005,186,40,32,-9,22,23,296,63,4,35
321,Geef Mij Je Angst,Guus Meeuwis,dutch pop,2006,81,56,37,-11,97,42,224,75,5,54
322,Stuck In The Middle With You,Stealers Wheel,classic rock,2009,124,56,80,-10,6,96,204,9,4,72
323,Het Regent Zonnestralen,Acda en de Munnik,dutch cabaret,2005,108,75,62,-6,11,83,226,41,3,57
324,Violet Hill,Coldplay,permanent wave,2008,76,58,35,-8,12,11,223,6,4,61
325,Dog Days Are Over,Florence + The Machine,art pop,2009,150,81,49,-5,12,25,252,4,8,69
326,Beautiful Day,U2,irish rock,2000,136,93,54,-6,36,45,246,1,5,63
327,Major Tom,Peter Schilling,german pop,2005,164,54,78,-6,22,68,274,3,6,48
328,An End Has a Start,Editors,alternative dance,2007,150,92,35,-2,34,54,226,0,5,53
329,Lost!,Coldplay,permanent wave,2008,87,78,36,-8,38,58,236,1,4,53
330,What It Is,Mark Knopfler,classic rock,2000,122,67,63,-7,28,48,298,64,3,43
331,Blue Monday - 2016 Remaster,New Order,alternative rock,2005,130,70,79,-10,8,86,451,0,6,73
332,Behind Blue Eyes,Limp Bizkit,alternative metal,2003,120,49,60,-7,12,9,270,50,3,72
333,Rehab,Amy Winehouse,british soul,2006,72,87,43,-3,40,73,214,5,7,74
334,Bird of Paradise,Snowy White,blues rock,2003,144,44,47,-11,32,31,281,60,4,52
335,I'm Yours,Jason Mraz,acoustic pop,2008,151,46,69,-8,11,72,242,60,5,82
336,Onderweg,Abel,dutch rock,2000,98,68,62,-6,8,41,190,35,2,59
337,Mr. Bojangles - Single Version,Sammy Davis Jr.,adult standards,2002,117,18,54,-13,11,13,343,75,5,56
338,Unwritten,Natasha Bedingfield,dance pop,2004,100,80,71,-6,8,63,259,1,4,76
339,Resistance,Muse,modern rock,2009,135,77,47,-7,11,9,347,6,5,63
340,Bedshaped,Keane,modern rock,2004,75,41,33,-7,10,7,276,61,3,41
341,Mia,Gorki,belgian rock,2002,114,30,70,-17,10,23,332,4,3,52
342,You Oughta Know,Alanis Morissette,alternative rock,2005,105,86,64,-7,87,47,250,23,7,52
343,Overcome,Live,alternative metal,2001,146,40,38,-7,10,19,256,78,3,49
344,Stand My Ground,Within Temptation,dutch metal,2004,88,87,25,-4,12,13,268,5,5,56
345,Chasing Cars,Snow Patrol,irish rock,2006,104,59,56,-5,13,14,268,21,3,78
346,Dani California,Red Hot Chili Peppers,alternative rock,2006,96,91,56,-2,35,73,282,2,4,76
347,Unfinished Sympathy,Massive Attack,big beat,2006,114,89,59,-6,51,70,312,1,3,53
348,Nine Million Bicycles,Katie Melua,uk pop,2005,82,25,53,-16,12,34,197,52,3,61
349,You're Beautiful,James Blunt,neo mellow,2005,82,48,68,-10,9,45,209,63,3,76
350,It's My Life,Bon Jovi,glam metal,2000,120,91,55,-4,35,54,224,3,5,77
351,Politik,Coldplay,permanent wave,2002,171,48,26,-8,11,7,319,4,3,62
352,Mooie Dag,BLØF,dutch pop,2002,85,58,50,-11,14,30,279,11,3,40
353,In Nije Dei,De Kast,dutch pop,2004,130,49,41,-9,96,15,296,51,3,38
354,Sex on Fire,Kings of Leon,modern rock,2008,153,91,54,-6,14,37,203,0,5,79
355,Hallelujah,Lisa Lois,dutch pop,2009,182,24,19,-13,11,11,226,24,3,49
356,Somewhere Only We Know,Keane,modern rock,2004,172,66,45,-4,8,37,236,8,3,67
357,Sunrise,Simply Red,british soul,2004,106,73,79,-5,10,94,200,0,3,55
358,How You Remind Me,Nickelback,alternative metal,2001,172,76,45,-5,10,54,224,0,3,78
359,When You Say Nothing At All,Ronan Keating,dance pop,2000,174,45,46,-11,8,42,257,16,3,74
360,Hard Sun,Eddie Vedder,permanent wave,2007,143,83,44,-7,32,65,322,5,3,66
361,Belfast Child,Simple Minds,art rock,2008,81,39,14,-13,10,30,404,30,5,43
362,Feel Good Inc.,Gorillaz,alternative hip hop,2005,139,71,82,-7,61,77,223,1,18,80
363,Alles Is Liefde,BLØF,dutch pop,2007,144,77,51,-6,17,57,210,0,4,36
364,Jerusalem,Anouk,dutch indie,2004,132,84,61,-7,8,54,236,0,4,40
365,Mr Bojangles,Robbie Williams,dance pop,2001,137,33,51,-11,18,27,198,72,11,58
366,Tranen Gelachen,Guus Meeuwis,dutch pop,2007,186,54,30,-8,12,54,203,16,4,50
367,When The Sun Goes Down,Arctic Monkeys,garage rock,2006,169,88,35,-5,12,41,202,3,20,57
368,Frozen,Madonna,dance pop,2009,108,74,59,-8,18,29,379,51,3,55
369,The Racing Rats,Editors,alternative dance,2007,153,84,32,-4,8,22,258,0,5,43
370,Poker Face,Lady Gaga,dance pop,2008,119,81,85,-5,12,78,237,12,8,69
371,Life in Technicolor ii,Coldplay,permanent wave,2008,131,91,47,-7,25,29,245,0,4,47
372,One,Johnny Cash,arkansas country,2000,94,50,51,-8,39,42,232,61,3,47
373,Ruby,Kaiser Chiefs,alternative rock,2007,93,93,44,-3,8,40,203,1,5,62
374,Het Land Van,Lange Frans,dutch hip hop,2005,83,53,66,-9,14,61,230,89,17,49
375,Bad Romance,Lady Gaga,dance pop,2009,119,92,70,-4,8,71,295,0,4,79
376,Elevation,U2,irish rock,2000,110,80,58,-8,5,42,226,0,4,49
377,Trouble,Coldplay,permanent wave,2000,140,55,56,-7,17,19,273,19,3,71
378,De Peel In Brand,Rowwen Hèze,carnaval limburg,2005,199,36,28,-13,14,33,205,61,4,33
379,Black Betty,Ram Jam,album rock,2005,117,73,49,-9,16,83,236,0,9,61
380,Wrong,Novastar,belgian rock,2000,90,66,54,-8,55,49,214,14,4,50
381,Never Be Clever,Herman Brood & His Wild Romance,dutch indie,2001,138,89,56,-5,32,96,183,54,4,41
382,Undisclosed Desires,Muse,modern rock,2009,116,59,68,-7,8,64,235,1,3,65
383,Auto Vliegtuug,Rowwen Hèze,carnaval limburg,2005,96,52,32,-7,16,25,238,48,2,34
384,Meer Dan Een Ander,Van Dik Hout,dutch cabaret,2009,94,18,56,-13,7,25,223,81,3,34
385,Brabant,Guus Meeuwis,dutch pop,2002,82,47,41,-7,10,39,210,56,3,61
386,Mother Earth,Within Temptation,dutch metal,2003,105,59,43,-6,24,15,330,2,3,45
387,One More Time,Daft Punk,electro,2001,123,70,61,-9,33,48,320,2,13,75
388,(You're The) Devil in Disguise,Elvis Presley,adult standards,2002,123,73,48,-8,11,87,140,57,17,65
389,TRUE - Single Edit,Spandau Ballet,dance rock,2008,97,55,74,-9,6,35,328,51,3,72
390,Make It Wit Chu,Queens of the Stone Age,alternative metal,2007,92,81,70,-5,13,58,290,36,3,59
391,Bring Me To Life,Evanescence,alternative metal,2003,95,94,33,-3,24,30,236,1,7,78
392,Clocks,Coldplay,permanent wave,2002,131,75,58,-7,NaN,26,308,60,3,76
393,Farewell To The Fairground,White Lies,alternative dance,2009,118,77,53,-5,12,30,257,0,4,54
394,Bliss,Muse,modern rock,2001,128,80,45,-9,11,25,251,0,5,46
395,Kijk Omhoog,Nick & Simon,dutch pop,2007,166,56,41,-5,19,47,176,5,3,48
396,9 Crimes,Damien Rice,acoustic pop,2006,74,17,33,-13,9,10,219,91,3,57
397,Working On a Dream,Bruce Springsteen,classic rock,2009,110,77,56,-7,22,71,209,0,3,48
398,Nutbush City Limits,Ike & Tina Turner,brill building pop,2008,77,89,69,-6,3,91,182,9,3,56
399,Do They Know It's Christmas? - 1984 Version,Band Aid,electro,2004,115,64,60,-7,10,35,223,16,4,84
400,Changes,2Pac,g funk,2007,111,66,87,-7,14,32,269,4,8,72
401,Mag Ik Dan Bij Jou,Claudia De Breij,dutch cabaret,2010,132,29,54,-10,71,19,206,97,3,53
402,Sterrenstof,De Jeugd Van Tegenwoordig,dutch hip hop,2010,97,79,71,-4,20,90,221,32,11,48
403,Love Will Tear Us Apart - 2010 Remaster,Joy Division,alternative rock,2010,147,90,53,-9,14,91,205,0,4,64
404,Mag Het Licht Uit,De Dijk,dutch indie,2010,113,42,74,-10,10,58,259,36,3,43
405,Why Tell Me Why,Anita Meyer,dutch pop,2010,112,77,65,-6,59,38,214,23,6,54
406,Wonderful Days,Charly Lownoise,happy hardcore,2010,174,92,55,-11,99,11,332,1,7,37
407,Dat Komt Door Jou,Guus Meeuwis,dutch pop,2010,134,53,59,-10,12,31,287,38,4,57
408,Don't Give up the Fight,Racoon,dutch indie,2010,91,30,28,-13,12,26,210,88,3,27
409,I Follow Rivers - Live @ Giel!,Triggerfinger,belgian rock,2010,110,41,67,-9,3,71,214,15,6,42
410,Liverpool Rain,Racoon,dutch indie,2010,183,50,45,-7,11,21,266,25,3,26
411,No Mercy,Racoon,dutch indie,2010,104,57,77,-6,11,61,165,9,3,36
412,Peter Gunn Theme,"Emerson, Lake & Palmer",album rock,2010,131,83,43,-7,92,71,217,1,3,14
413,Alors on danse,Stromae,belgian pop,2010,120,59,79,-9,7,73,206,9,8,61
414,The Eve of the War,Jeff Wayne,classic uk pop,2010,127,59,40,-9,11,37,263,8,4,28
415,A Night Like This,Caro Emerald,dutch pop,2010,123,71,87,-6,10,96,226,57,4,40
416,Raise Your Glass,P!nk,dance pop,2010,122,71,70,-5,3,63,203,0,8,76
417,Verdammt ich lieb dich - Remastered,Matthias Reim,classic schlager,2010,100,80,59,-7,9,32,220,50,7,38
418,Christmas Lights,Coldplay,permanent wave,2010,131,42,31,-9,8,24,242,13,3,84
419,The Promise You Made,Cock Robin,dance rock,2010,117,41,71,-14,15,65,227,38,4,48
420,Back Home,Golden Earring,album rock,2010,123,84,47,-6,10,74,232,6,5,37
421,Times Are Changing,DI-RECT,dutch indie,2010,123,81,50,-6,15,28,206,4,4,47
422,Proosten,Guus Meeuwis,dutch pop,2010,136,65,64,-6,12,76,232,43,3,49
423,Just the Way You Are,Bruno Mars,dance pop,2010,109,84,64,-5,9,43,221,2,4,80
424,Need You Now,Lady Antebellum,contemporary country,2010,108,72,58,-4,24,32,236,3,3,53
425,Man Down,Rihanna,barbadian pop,2010,156,91,48,-4,5,54,267,4,19,59
426,Pyro,Kings of Leon,modern rock,2010,115,61,37,-7,10,19,251,1,4,66
427,You Got It,Roy Orbison,adult standards,2010,115,59,66,-12,31,67,204,60,3,44
428,Atmosphere - 2010 Remaster,Joy Division,alternative rock,2010,120,39,62,-12,12,44,249,23,3,51
429,Grenade,Bruno Mars,dance pop,2010,110,56,71,-7,12,23,223,15,6,75
430,Have You Ever Been Mellow,Party Animals,gabba,2010,NaN,96,60,-4,25,57,188,20,5,47
431,Back Down South,Kings of Leon,modern rock,2010,117,62,48,-7,26,15,241,6,4,58
432,Riverside,Agnes Obel,chamber pop,2010,99,19,65,-14,13,23,231,98,3,48
433,Hold On Tight,Solomon Burke,brill building pop,2010,89,73,63,-6,16,50,324,9,3,38
434,Someone Like You,Adele,british soul,2011,135,33,56,-8,10,28,285,89,3,79
435,Set Fire to the Rain,Adele,british soul,2011,108,68,61,-4,13,47,242,0,3,75
436,Rainbow In The Sky - K & A's Radio Blast,DJ Paul Elstak,gabba,2011,168,94,48,-7,28,26,213,0,3,60
437,Levels,Avicii,big room,2011,126,83,60,-7,34,35,339,3,4,58
438,Somebody That I Used To Know,Gotye,australian pop,2011,129,50,86,-7,10,72,245,59,4,76
439,Paradise,Coldplay,permanent wave,2011,140,59,45,-7,8,20,279,5,3,78
440,Rood,Marco Borsato,dutch cabaret,2011,138,78,48,-8,8,18,319,1,5,53
441,A Boy Named Sue (Live),Johnny Cash,arkansas country,2011,105,46,52,-16,78,89,218,93,5,18
442,Still Loving You,Scorpions,album rock,2011,104,61,28,-5,10,8,403,0,3,72
443,Little Black Submarines,The Black Keys,alternative rock,2011,95,47,37,-8,11,49,251,16,4,65
444,Walk,Foo Fighters,alternative metal,2011,138,87,23,-5,29,19,256,0,5,69
445,The A Team,Ed Sheeran,pop,2011,85,29,64,-10,18,41,258,67,4,76
446,kom terug,Spinvis,dutch indie,2011,97,73,50,-6,20,24,231,2,3,47
447,Prachtig mooie dag,Daniël Lohues,dutch indie,2011,103,69,55,-4,8,56,161,10,3,42
448,lippy kids,Elbow,britpop,2011,155,20,42,-15,8,10,366,96,3,29
449,Titanium (feat. Sia),David Guetta,dance pop,2011,126,79,60,-4,13,30,245,7,10,67
450,Faster,Within Temptation,dutch metal,2011,120,93,51,-3,14,48,264,0,4,53
451,Lonely Boy,The Black Keys,alternative rock,2011,166,87,36,-8,10,61,194,0,7,73
452,Turning Tables,Adele,british soul,2011,80,45,31,-6,13,21,250,95,3,66
453,Luv U More - K&A's Radio blast,DJ Paul,electro,2011,168,82,51,-11,14,7,232,0,3,51
454,Kan Ik Iets Voor Je Doen,De Dijk,dutch indie,2011,79,73,50,-6,31,45,200,14,3,30
455,Driver's Seat,Sniff 'n' The Tears,classic uk pop,2011,133,80,74,-8,19,98,239,0,4,54
456,Zing Voor Me,Lange Frans,dutch hip hop,2011,82,52,43,-9,22,56,216,80,7,52
457,Every Teardrop Is a Waterfall,Coldplay,permanent wave,2011,118,73,43,-7,17,31,241,0,4,68
458,Waarom Nou Jij,Marco Borsato,dutch cabaret,2011,140,51,44,-8,13,25,245,12,3,40
459,Mijn Vlakke Land,Jacques Brel,chanson,2011,79,33,40,-11,8,46,173,26,5,33
460,Rumour Has It,Adele,british soul,2011,120,75,62,-5,9,56,221,64,5,65
461,Keep Your Head Up,Ben Howard,british singer-songwriter,2011,79,60,51,-9,11,40,265,44,3,66
462,Pumped Up Kicks,Foster The People,indie pop,2011,128,71,73,-6,10,97,240,14,3,84
463,Happiness,Jonathan Jeremiah,dutch indie,2011,89,57,53,-10,13,49,182,72,6,49
464,Give Me Love,Ed Sheeran,pop,2011,116,33,53,-10,11,11,526,69,5,73
465,Gold on the Ceiling,The Black Keys,alternative rock,2011,130,83,51,-5,7,56,224,1,5,69
466,Ni**as In Paris,JAY-Z,east coast hip hop,2011,140,86,79,-6,35,77,219,13,32,77
467,Run the World (Girls),Beyoncé,dance pop,2011,127,90,73,-4,37,76,236,0,14,75
468,I Won' T Let You Down,Road Band,pop,2011,106,35,64,-14,7,59,233,54,3,33
469,Love On Top,Beyoncé,dance pop,2011,94,75,65,-5,60,65,267,8,9,76
470,Lego House,Ed Sheeran,pop,2011,160,64,59,-8,13,56,185,56,10,71
471,Skinny Love,Birdy,neo mellow,2011,166,29,38,-8,12,17,201,95,5,75
472,Dust Bowl,Joe Bonamassa,blues rock,2011,86,75,52,-7,20,70,273,36,5,44
473,Damn Those Eyes,Kane,dutch pop,2011,172,76,34,-7,35,33,251,0,4,39
474,These Days,Foo Fighters,alternative metal,2011,135,66,53,-4,21,22,298,0,3,64
475,Original Sin,INXS,australian rock,2011,132,63,69,-7,6,74,319,1,4,42
476,Terug Naar De Kust,Maggie MacNeal,nederpop,2011,117,45,49,-9,62,40,266,82,3,39
477,Georgia on My Mind,Ray Charles,adult standards,2011,131,32,29,-8,19,20,215,86,3,49
478,Charlie Brown,Coldplay,permanent wave,2011,138,74,43,-7,33,9,285,2,4,67
479,I've Just Lost Somebody,Golden Earring,album rock,2011,88,40,37,-13,8,27,189,4,3,27
480,Skyfall - Full Length,Adele,british soul,2012,76,55,35,-7,11,8,286,42,3,74
481,Zo Stil,BLØF,dutch pop,2012,170,69,57,-7,11,78,237,4,3,54
482,Holiday In Spain,Counting Crows,alternative rock,2012,126,32,65,-11,13,28,233,66,3,56
483,Radioactive,Imagine Dragons,modern rock,2012,136,78,45,-4,67,24,187,11,6,73
484,Video Games - Remastered,Lana Del Rey,art pop,2012,122,26,39,-10,9,18,282,81,3,55
485,Demons,Imagine Dragons,modern rock,2012,90,71,51,-3,33,43,175,19,3,73
486,She,Elvis Costello,art rock,2012,131,28,33,-13,13,28,188,43,3,64
487,Just Give Me a Reason (feat. Nate Ruess),P!nk,dance pop,2012,95,55,78,-7,13,44,243,35,5,81
488,Try,P!nk,dance pop,2012,104,63,67,-7,9,55,248,0,3,73
489,I Will Wait,Mumford & Sons,modern folk rock,2012,131,76,48,-5,31,45,277,1,3,69
490,Home Again,Kensington,dutch pop,2012,142,75,50,-6,35,30,197,1,4,44
491,Tubular Bells,Mike Oldfield,album rock,2012,149,20,28,-17,13,16,809,49,3,31
492,Winter,Tori Amos,art pop,2012,78,20,24,-14,11,27,345,98,3,19
493,Droomland,Andre Hazes,dutch pop,2012,100,47,32,-7,95,25,208,26,3,42
494,Wat Zou Je Doen?,BLØF,dutch pop,2012,184,51,35,-8,71,22,291,40,3,51
495,Madness,Muse,modern rock,2012,180,42,50,-8,11,22,281,13,7,70
496,Sovereign Light Café,Keane,modern rock,2012,123,73,54,-6,16,51,219,1,3,51
497,Can't Hold Us - feat. Ray Dalton,Macklemore & Ryan Lewis,dance pop,2012,146,92,64,-4,9,85,258,3,8,83
498,Lover of the Light,Mumford & Sons,modern folk rock,2012,107,69,30,-7,27,37,315,1,5,57
499,San Quentin,Johnny Cash,arkansas country,2012,84,40,70,-14,90,82,158,56,6,27
500,On Top Of The World,Imagine Dragons,modern rock,2012,100,93,64,-6,9,76,190,9,15,66
501,Flappie,Youp van 't Hek,dutch cabaret,2012,131,24,75,-13,44,67,206,79,8,52
502,Home Again,Michael Kiwanuka,british soul,2012,85,32,52,-11,12,27,212,70,3,51
503,If You Could See Me Now,The Script,celtic rock,2012,100,76,51,-7,14,35,220,1,7,51
504,Hall of Fame,The Script,celtic rock,2012,85,87,42,-4,12,63,203,7,6,70
505,Dodenrit,Drs. P,dutch rock,2012,148,60,51,-14,81,96,312,67,10,34
506,When I Was Your Man,Bruno Mars,dance pop,2012,73,28,61,-9,9,39,214,93,4,82
507,I Won't Give Up,Jason Mraz,acoustic pop,2012,137,30,59,-10,12,14,240,69,4,72
508,Slapeloze Nachten,The Opposites,dutch hip hop,2012,112,65,81,-7,15,81,229,35,6,57
509,One Moment in Time,Whitney Houston,dance pop,2012,155,54,27,-7,10,33,285,49,3,54
510,Zaterdag,BLØF,dutch pop,2012,141,71,75,-10,10,90,283,9,3,41
511,Babel,Mumford & Sons,modern folk rock,2012,80,81,37,-6,8,65,209,3,5,57
512,Hopeless Wanderer,Mumford & Sons,modern folk rock,2012,154,58,27,-8,11,20,308,1,4,58
513,Follow the Sun,Xavier Rudd,australian indie folk,2012,124,39,61,-11,11,22,255,53,4,67
514,Later Als Ik Groter Ben,BLØF,dutch pop,2012,130,73,53,-5,8,57,205,0,3,48
515,Clown,Emeli Sandé,dance pop,2012,119,26,46,-8,11,23,221,92,4,46
516,Stay - Album Version (Edited),Rihanna,barbadian pop,2012,112,31,62,-10,12,13,241,95,3,66
517,Diamonds,Rihanna,barbadian pop,2012,92,71,56,-5,11,39,225,0,5,67
518,It's Time,Imagine Dragons,modern rock,2012,105,88,66,-5,14,86,238,2,4,66
519,Little Talks,Of Monsters and Men,folk-pop,2012,103,76,45,-5,15,42,267,2,3,75
520,Euphoria,Loreen,electropop,2012,132,68,52,-5,6,11,214,8,4,56
521,Oceaan,Racoon,dutch indie,2013,126,34,47,-8,11,24,165,86,4,63
522,Lola Montez,Volbeat,alternative metal,2013,152,88,51,-5,7,68,268,0,3,57
523,Wake Me Up,Avicii,big room,2013,124,78,53,-6,16,64,247,0,5,85
524,Formidable,Stromae,belgian pop,2013,71,63,51,-9,15,50,214,10,19,49
525,Do I Wanna Know?,Arctic Monkeys,garage rock,2013,85,53,55,-8,22,41,272,19,3,82
526,Another Love,Tom Odell,modern rock,2013,123,54,45,-9,9,13,244,70,4,58
527,Hey Brother,Avicii,big room,2013,125,78,55,-5,8,46,255,3,4,78
528,I See Fire,Ed Sheeran,pop,2013,76,5,63,-21,10,20,301,56,4,64
529,This Is What It Feels Like,Armin van Buuren,edm,2013,130,83,55,-5,6,14,204,4,3,65
530,All of Me,John Legend,neo mellow,2013,120,26,42,-7,13,33,270,92,3,86
531,Dansen Op De Vulkaan,De Dijk,dutch indie,2013,151,95,58,-4,4,78,269,2,6,40
532,Witch Doctor,De Staat,dutch indie,2013,145,56,60,-7,5,33,207,0,6,47
533,Diamonds,The Boxer Rebellion,chamber pop,2013,170,75,45,-6,18,42,243,17,6,35
534,Let Her Go,Passenger,folk-pop,2013,75,55,48,-7,10,24,253,37,7,76
535,Papaoutai,Stromae,belgian pop,2013,116,81,73,-7,6,25,232,3,8,55
536,Strong,London Grammar,metropopolis,2013,78,40,57,-11,8,30,266,74,3,49
537,Layla,Derek & The Dominos,album rock,2013,114,93,41,-5,60,39,163,34,10,32
538,Pompeii,Bastille,metropopolis,2013,127,72,68,-6,27,57,214,8,4,70
539,Waves,Mr. Probz,dutch hip hop,2013,174,28,36,-12,38,20,174,54,4,59
540,Get Lucky (feat. Pharrell Williams & Nile Rodgers) - Radio Edit,Daft Punk,electro,2013,116,81,79,-9,10,86,248,4,4,77
541,All I Want,Kodaline,irish pop,2013,86,41,21,-10,8,16,306,17,4,72
542,Addicted To You,Avicii,big room,2013,128,79,57,-4,9,30,148,5,5,69
543,Animals,Martin Garrix,big room,2013,128,87,68,-6,37,4,304,0,4,65
544,Just Say Yes,Snow Patrol,irish rock,2013,108,88,54,-5,3,25,282,2,3,48
545,Watermensen,3JS,dutch pop,2013,144,40,56,-8,11,46,209,66,3,36
546,Sky and Sand,Paul Kalkbrenner,electronica,2013,127,33,79,-13,19,53,231,60,6,67
547,The Monster,Eminem,detroit hip hop,2013,110,85,78,-4,12,62,250,5,7,75
548,Mirrors,Justin Timberlake,dance pop,2013,77,51,57,-7,9,51,484,23,5,77
549,Story of My Life,One Direction,boy band,2013,121,66,60,-6,12,29,245,23,5,80
550,Royals,Lorde,art pop,2013,85,43,67,-10,13,34,190,12,12,79
551,tous les mêmes,Stromae,belgian pop,2013,110,64,70,-9,28,65,211,22,17,53
552,Mijn Van Straat Geredde Roos,De Dijk,dutch indie,2013,81,76,50,-5,26,61,208,9,3,33
553,Love You Like I Love Myself,Herman Brood & His Wild Romance,dutch indie,2013,148,84,52,-7,20,86,213,1,6,28
554,I Sat By The Ocean,Queens of the Stone Age,alternative metal,2013,117,78,52,-4,11,90,236,0,4,66
555,Everybody (Backstreet's Back) - Radio Edit,Backstreet Boys,boy band,2013,108,87,74,-3,27,59,225,3,4,62
556,A Ton of Love,Editors,alternative dance,2013,142,96,46,-4,28,40,238,7,6,26
557,Foolish Games,Jewel,alaska indie,2013,131,22,46,-10,11,15,243,90,3,41
558,Grow Old with Me,Tom Odell,modern rock,2013,146,58,47,-7,25,37,183,51,3,49
559,Things We Lost In The Fire,Bastille,metropopolis,2013,134,92,59,-5,27,63,241,6,6,48
560,Blurred Lines,Robin Thicke,dance pop,2013,120,60,85,-5,8,84,264,0,4,76
561,The Road To Mandalay,Robbie Williams,dance pop,2013,99,68,62,-8,16,53,240,11,3,30
562,Iron Sky,Paolo Nutini,british soul,2014,140,63,39,-7,11,32,373,24,3,49
563,A Sky Full of Stars,Coldplay,permanent wave,2014,125,64,55,-7,22,15,268,1,3,78
564,Rolling In The Deep,Adele,british soul,2014,105,76,73,-5,6,54,228,13,3,61
565,Streets,Kensington,dutch pop,2014,168,77,38,-6,27,42,185,0,4,57
566,Thinking out Loud,Ed Sheeran,pop,2014,79,45,78,-6,18,59,282,47,3,84
567,Take Me to Church,Hozier,irish singer-songwriter,2014,129,66,57,-5,12,44,242,63,5,77
568,Une belle histoire,Michel Fugain,chanson,2014,83,58,27,-9,37,65,198,50,4,40
569,In Your Arms,Chef'Special,dutch indie,2014,93,41,67,-12,11,36,215,65,5,60
570,Born Slippy (Nuxx),Underworld,alternative dance,2014,140,95,58,-9,47,30,456,0,4,65
571,War,Kensington,dutch pop,2014,126,81,64,-6,7,72,177,8,3,59
572,Op 't platteland,Daniël Lohues,dutch indie,2014,80,37,56,-10,9,28,182,93,4,27
573,"Happy - From ""Despicable Me 2""",Pharrell Williams,dance pop,2014,160,82,65,-5,9,96,233,22,18,80
574,Calm After The Storm,The Common Linnets,dutch americana,2014,116,39,69,-11,12,38,213,49,3,52
575,Riddles,Kensington,dutch pop,2014,148,70,49,-8,8,62,209,4,4,52
576,Under The Pressure,The War On Drugs,chamber pop,2014,134,71,33,-7,13,19,532,31,3,60
577,Magic,Coldplay,permanent wave,2014,93,48,74,-9,11,36,285,3,4,73
578,Photograph,Ed Sheeran,pop,2014,108,38,61,-10,10,20,259,61,5,84
579,All For Nothing,Kensington,dutch pop,2014,152,86,46,-6,10,37,289,0,7,47
580,My Silver Lining,First Aid Kit,stomp and holler,2014,102,73,48,-5,21,43,NaN,3,3,64
581,Zandloper,Typhoon,dutch hip hop,2014,135,72,76,-8,95,51,280,5,24,47
582,Home,Dotan,dutch pop,2014,130,70,76,-9,4,30,268,7,4,42
583,Red Eyes,The War On Drugs,chamber pop,2014,162,82,46,-6,16,47,299,1,4,65
584,L'amour Toujours (Small Mix),Gigi D'Agostino,eurodance,2014,139,88,64,-4,36,74,242,8,3,70
585,"See Me, Feel Me - Single Version",The Who,album rock,2014,94,34,38,-11,8,8,217,9,3,39
586,Hemel Valt,Typhoon,dutch hip hop,2014,97,74,66,-7,33,74,161,24,14,43
587,Glycerine,Bush,alternative metal,2014,114,34,44,-11,10,8,266,4,3,65
588,Wit Licht,Jeroen van Koningsbrugge,pop,2014,146,69,59,-7,10,19,212,72,8,43
589,Yellow Submarine,The Beatles,british invasion,2014,111,64,62,-7,52,65,159,21,3,58
590,California Love,2Pac,g funk,2014,92,88,66,-3,69,77,348,3,9,41
591,Superheroes,The Script,celtic rock,2014,167,89,49,-4,7,64,245,0,4,75
592,Stay With Me,Sam Smith,pop,2014,84,42,42,-6,11,18,173,59,4,84
593,Shake It Off,Taylor Swift,dance pop,2014,160,80,65,-5,33,94,219,6,17,66
594,Looking Too Closely,Fink,chamber pop,2014,175,52,48,-12,9,10,311,33,4,63
595,No Good in Goodbye,The Script,celtic rock,2014,156,87,37,-5,8,22,308,1,4,59
596,Counting Stars,OneRepublic,dance pop,2014,122,71,66,-5,12,48,258,7,4,74
597,Time After Time,Cyndi Lauper,dance pop,2014,130,44,72,-9,9,32,243,58,3,72
598,Sexy Als Ik Dans,Nielson,dutch pop,2014,94,54,79,-7,20,89,215,9,5,49
599,Done With It,Kensington,dutch pop,2014,116,78,65,-7,10,63,203,13,4,49
600,Love Never Felt So Good,Michael Jackson,pop,2014,118,72,78,-6,7,71,246,13,4,70
601,Shut Up and Dance,WALK THE MOON,indie pop,2014,128,87,58,-4,26,62,199,1,6,82
602,Nothing Really Matters,Mr. Probz,dutch hip hop,2014,135,23,40,-9,11,28,222,89,4,61
603,Promises of No Man's Land,Blaudzun,dutch indie,2014,124,85,62,-6,24,64,215,12,3,43
604,Let It Go,James Bay,neo mellow,2014,147,31,55,-10,11,25,261,82,3,74
605,The Sound of Silence,Disturbed,alternative metal,2015,86,28,32,-9,10,18,248,47,3,75
606,Het Dorp - Live,Wim Sonneveld,dutch cabaret,2015,114,44,37,-15,67,45,198,82,8,15
607,Psycho,Muse,modern rock,2015,125,88,56,-3,87,51,317,0,3,69
608,Élan,Nightwish,finnish metal,2015,128,58,57,-9,14,30,287,1,3,58
609,Dat Ik Je Mis,Maaike Ouboter,dutch pop,2015,174,13,50,-13,10,28,256,88,6,29
610,Heading Up High,Armin van Buuren,edm,2015,128,93,52,-5,11,20,233,0,9,53
611,Zeg Maar Niets Meer - Remastered,Andre Hazes,dutch pop,2015,95,79,36,-8,91,30,167,16,4,26
612,Chandelier,Sia,australian dance,2015,117,79,40,-3,7,57,216,2,5,71
613,Uptown Funk,Mark Ronson,dance pop,2015,115,61,86,-7,3,93,270,1,8,82
614,Birds,Anouk,dutch indie,2015,85,41,17,-8,11,9,203,61,3,33
615,Michel,Anouk,dutch indie,2015,122,39,58,-8,9,16,249,76,3,20
616,Let It Happen,Tame Impala,australian psych,2015,125,88,60,-6,11,58,468,0,4,76
617,Everglow,Coldplay,permanent wave,2015,146,45,54,-9,11,14,283,46,3,69
618,The Less I Know The Better,Tame Impala,australian psych,2015,117,74,64,-4,17,79,216,1,3,85
619,Ordinary Love,U2,irish rock,2015,121,48,66,-9,18,35,219,4,3,45
620,Stressed Out,Twenty One Pilots,modern rock,2015,170,64,73,-6,6,65,202,5,14,83
621,For Bitter Or Worse,Anouk,dutch indie,2015,83,41,27,-8,12,32,255,29,3,21
622,All I Need - Edit,Air,downtempo,2015,95,42,50,-12,20,22,242,88,3,41
623,Hymn for the Weekend,Coldplay,permanent wave,2015,90,74,49,-5,30,36,259,26,4,78
624,Adventure of a Lifetime,Coldplay,permanent wave,2015,112,92,64,-4,15,53,264,0,4,74
625,Three Days In A Row,Anouk,dutch indie,2015,171,50,36,-6,16,39,254,0,3,13
626,Moondance,Van Morrison,classic rock,2015,135,33,65,-11,22,52,272,43,3,42
627,R U Kiddin' Me,Anouk,dutch indie,2015,89,82,53,-6,9,69,200,1,4,16
628,"Theme From New York, New York",Frank Sinatra,adult standards,2015,109,59,41,-5,28,56,204,55,3,68
629,Hold Me,Douwe Bob,dutch americana,2015,161,38,35,-8,15,36,230,61,3,26
630,Budapest,George Ezra,folk-pop,2015,128,46,72,-8,11,39,201,8,3,68
631,Shoes of Lightning,Racoon,dutch indie,2015,78,40,54,-8,11,17,220,66,4,32
632,Mercy,Muse,modern rock,2015,130,93,48,-5,31,37,232,1,5,60
633,Tennessee Whiskey,Chris Stapleton,contemporary country,2015,49,37,39,-11,8,51,293,21,3,78
634,"Oxygene, Pt. 4",Jean-Michel Jarre,laboratorio,2015,189,76,43,-8,55,66,247,2,4,57
635,A Head Full of Dreams,Coldplay,permanent wave,2015,123,92,45,-5,33,8,224,0,7,68
636,We Come 1 - Radio Edit,Faithless,big beat,2015,136,90,65,-11,15,61,222,0,4,54
637,Forever Man - 2015 Remaster,Eric Clapton,album rock,2015,111,90,64,-6,17,78,192,20,4,46
638,Down Man,Brainbox,dutch prog,2015,168,76,43,-9,10,51,155,0,6,35
639,Liquid Spirit - Claptone Remix,Gregory Porter,contemporary vocal jazz,2015,121,62,88,-9,5,30,384,0,5,63
640,Living Doll - 2003 Remaster,Cliff Richard & The Drifters,rock-and-roll,2015,127,47,76,-7,10,77,157,54,4,33
641,Ocean of Night,Editors,alternative dance,2015,106,67,57,-10,11,25,305,2,3,58
642,Be the One,Dua Lipa,dance pop,2015,87,65,66,-4,6,37,203,12,5,73
643,Up&Up,Coldplay,permanent wave,2015,164,72,48,-5,10,25,405,5,6,70
644,Ship To Wreck,Florence + The Machine,art pop,2015,142,92,56,-4,28,59,235,0,3,54
645,Love Yourself,Justin Bieber,canadian pop,2015,100,38,61,-10,28,52,234,84,44,83
646,Happy Xmas (War Is Over),John Lennon,album rock,2015,147,68,40,-6,68,60,212,18,3,47
647,Sorry,Kensington,dutch pop,2016,134,41,46,-8,10,9,227,50,3,63
648,Cold Little Heart,Michael Kiwanuka,british soul,2016,108,40,49,-8,14,15,598,49,3,67
649,Barcelona,Freddie Mercury,glam rock,2016,170,46,18,-9,9,13,267,74,4,40
650,Leef,André Hazes Jr.,dutch pop,2016,121,73,67,-7,18,78,218,28,4,62
651,Hello,Adele,british soul,2016,158,45,48,-6,9,29,295,34,3,73
652,Against All Odds (Take a Look at Me Now) - 2016 Remaster,Phil Collins,mellow gold,2016,116,50,58,-7,13,11,206,20,3,74
653,Treur Niet (Ode Aan Het Leven),Diggy Dex,dutch hip hop,2016,98,72,68,-9,13,57,225,20,6,60
654,When We Were Young,Adele,british soul,2016,144,59,38,-6,9,27,291,35,5,73
655,Do I Ever,Kensington,dutch pop,2016,163,79,39,-6,40,34,204,0,5,53
656,"CAN'T STOP THE FEELING! (Original Song from DreamWorks Animation's ""TROLLS"")",Justin Timberlake,dance pop,2016,113,83,67,-6,10,70,238,1,7,75
657,Whatever You Want,Status Quo,album rock,2016,123,55,55,-11,18,42,242,85,4,36
658,Lazarus,David Bowie,album rock,2016,130,70,66,-7,9,51,382,5,3,61
659,Million Years Ago,Adele,british soul,2016,106,27,72,-8,11,18,227,73,3,62
660,Dark Necessities,Red Hot Chili Peppers,alternative rock,2016,92,74,70,-7,11,20,302,7,7,74
661,You Want It Darker,Leonard Cohen,canadian folk,2016,109,33,67,-17,8,49,284,61,6,63
662,Bridges,Kensington,dutch pop,2016,150,83,38,-7,7,45,220,0,6,49
663,Once Upon a Time in the West - Main Theme,Ennio Morricone,classic soundtrack,2016,90,21,12,-11,13,5,223,84,4,54
664,Mooi,Marco Borsato,dutch cabaret,2016,150,43,49,-8,12,31,315,10,3,59
665,I Just Can't Help Believin',Elvis Presley,adult standards,2016,142,66,46,-8,9,34,274,28,5,44
666,Love & Hate,Michael Kiwanuka,british soul,2016,170,49,28,-8,17,53,427,16,3,66
667,New Gold Dream (81/82/83/84),Simple Minds,art rock,2016,123,75,59,-11,34,66,339,0,3,44
668,Disco Inferno,The Trammps,disco,2016,130,70,68,-9,14,81,214,0,3,54
669,Someone Somewhere (In Summertime),Simple Minds,art rock,2016,100,53,56,-11,11,67,278,2,3,41
670,24K Magic,Bruno Mars,dance pop,2016,107,80,82,-4,15,63,226,3,8,78
671,Blackstar,David Bowie,album rock,2016,98,55,37,-8,18,11,598,21,3,55
672,Water Under the Bridge,Adele,british soul,2016,95,84,60,-7,11,47,240,2,7,67
673,All I Ask,Adele,british soul,2016,142,28,59,-5,15,34,272,88,3,70
674,The Life I Live,Q'65,dutch prog,2016,131,46,60,-12,22,80,204,10,4,27
675,We All Stand Together - Remastered 2016,Paul McCartney,album rock,2016,72,26,35,-12,13,48,265,61,3,24
676,Heathens,Twenty One Pilots,modern rock,2016,90,40,73,-9,11,55,196,8,3,81
677,Jacob’s Song,Douwe Bob,dutch americana,2016,74,51,36,-8,16,15,318,4,3,40
678,Way Down We Go,KALEO,icelandic indie,2016,163,51,49,-8,10,34,214,58,12,76
679,7 Years,Lukas Graham,danish pop,2016,120,47,77,-6,39,34,237,29,5,80
680,Forbidden Colours,Ryuichi Sakamoto,compositional ambient,2016,105,24,61,-17,25,37,290,76,3,28
681,The Book Of Love,Gavin James,neo mellow,2016,108,7,52,-14,13,27,177,70,4,34
682,Zoutelande - feat. Geike,BLØF,dutch pop,2017,129,64,67,-7,14,89,223,22,3,41
683,Pokémon Theme-New Studio Recording,Jason Paige,pop,2017,145,91,57,-5,14,40,197,3,5,41
684,Perfect,Ed Sheeran,pop,2017,95,45,60,-6,11,17,263,16,2,87
685,Thriller,Michael Jackson,pop,2017,118,89,76,-4,85,72,358,8,7,69
686,Boulevard of Broken Dreams,Green Day,modern rock,2017,167,68,50,-4,6,47,262,1,3,74
687,What About Us,P!nk,dance pop,2017,114,59,49,-6,9,19,270,3,5,76
688,Shape of You,Ed Sheeran,pop,2017,96,65,83,-3,9,93,234,58,8,87
689,Believer,Imagine Dragons,modern rock,2017,125,78,78,-4,8,67,204,6,13,88
690,Human,Rag'n'Bone Man,neo soul,2017,75,71,60,-4,17,55,200,39,30,78
691,Het het nog nooit zo donker west,Ede Staal,streektaal,2017,98,21,61,-20,8,42,274,60,3,28
692,Castle on the Hill,Ed Sheeran,pop,2017,135,83,46,-5,14,47,261,2,10,79
693,Sign of the Times,Harry Styles,dance pop,2017,120,60,52,-5,11,22,341,3,3,80
694,In the Blood,John Mayer,neo mellow,2017,80,66,55,-7,10,52,244,39,3,66
695,Nao ’t Zuuje,Lex Uiting,carnaval limburg,2017,190,53,26,-6,5,45,213,39,4,41
696,"Roll Over Lay Down - Live At The Kursaal, Southend / 1975",Status Quo,album rock,2017,132,69,34,-9,34,21,341,0,4,32
697,Whatever It Takes,Imagine Dragons,modern rock,2017,135,66,67,-5,12,56,201,4,3,82
698,Amigo,Chef'Special,dutch indie,2017,145,91,55,-5,35,64,180,1,7,33
699,Iederene Hef Een Reden,Bökkers,dutch rock,2017,108,61,57,-9,10,69,185,56,4,41
700,Everything Now,Arcade Fire,alternative dance,2017,116,87,55,-5,46,61,303,0,3,66
701,Sorry,Nothing But Thieves,alternative pop rock,2017,128,78,67,-5,13,52,215,0,3,62
702,One More Light,Linkin Park,alternative metal,2017,84,20,59,-11,9,17,255,90,3,75
703,Through the Barricades - Remastered,Spandau Ballet,dance rock,2017,146,28,49,-14,12,17,360,30,3,60
704,Freedom! '90 - Remastered,George Michael,dance rock,2017,92,85,68,-11,6,93,391,23,5,69
705,Amsterdam,Nothing But Thieves,alternative pop rock,2017,168,93,51,-5,24,67,272,0,24,63
706,Something Just Like This,The Chainsmokers,electropop,2017,103,64,62,-7,16,45,247,5,3,84
707,Thunder,Imagine Dragons,modern rock,2017,168,82,61,-5,15,29,187,1,4,86
708,Thinking Of A Place,The War On Drugs,chamber pop,2017,103,63,48,-7,12,16,671,39,3,59
709,Happier,Ed Sheeran,pop,2017,90,39,52,-7,14,24,208,54,3,83
710,Galway Girl,Ed Sheeran,pop,2017,100,88,62,-3,33,78,171,7,10,80
711,Sunny Days,Armin van Buuren,edm,2017,115,71,63,-7,14,24,210,1,3,54
712,Supermarket Flowers,Ed Sheeran,pop,2017,90,24,59,-11,9,26,221,91,4,78
713,Holiday,Green Day,modern rock,2017,147,89,55,-3,89,72,233,0,3,67
714,Max,Paolo Conte,italian pop,2017,125,40,50,-9,12,15,225,34,3,25
715,Rapper's Delight,The Sugarhill Gang,east coast hip hop,2017,112,75,91,-10,4,83,234,7,25,48
716,Pain,The War On Drugs,chamber pop,2017,116,83,52,-4,8,48,331,0,4,62
717,Love On The Rocks,Neil Diamond,adult standards,2017,103,31,40,-8,12,31,262,92,3,40
718,Tuesday Afternoon (Forever Afternoon),The Moody Blues,album rock,2017,114,32,50,-13,24,30,249,10,3,50
719,Magnificent (She Says),Elbow,britpop,2017,92,87,51,-7,5,39,266,19,5,31
720,Nicotine,Chef'Special,dutch indie,2017,90,30,64,-10,10,44,238,62,3,36
721,Homesick,Dua Lipa,dance pop,2017,86,22,43,-9,11,40,230,95,4,71
722,Beautiful Trauma,P!nk,dance pop,2017,96,62,41,-6,40,23,250,9,7,68
723,World Gone Mad,Bastille,metropopolis,2017,140,68,51,-3,18,36,196,28,3,64
724,Leave a Light On,Tom Walker,indie anthem-folk,2017,69,62,59,-6,13,27,186,2,11,75
725,Skin,Rag'n'Bone Man,neo soul,2017,171,75,56,-8,15,35,240,27,31,69
726,Lost on You,LP,la pop,2017,174,72,43,-6,9,69,268,10,4,78
727,Shallow,Lady Gaga,dance pop,2018,96,39,57,-6,23,32,216,37,3,88
728,Kleine Jongen,Andre Hazes,dutch pop,2018,91,70,54,-6,10,56,221,5,3,30
729,Duurt Te Lang,Davina Michelle,dutch pop,2018,174,44,64,-14,9,15,154,13,20,68
730,I Want To Break Free,Queen,glam rock,2018,109,41,81,-9,8,50,223,11,4,59
731,September,"Earth, Wind & Fire",disco,2018,126,83,69,-7,25,98,215,17,3,82
732,Voor Haar,Frans Halsema,dutch rock,2018,82,36,28,-12,25,36,172,65,3,30
733,Testament,Boudewijn de Groot,dutch indie,2018,122,40,43,-10,12,63,195,48,5,28
734,Atemlos durch die Nacht,Helene Fischer,german pop,2018,128,78,81,-4,19,82,220,6,5,38
735,Zij Gelooft In Mij,Andre Hazes,dutch pop,2018,152,60,32,-6,25,18,240,11,3,30
736,Verdronken Vlinder,Boudewijn de Groot,dutch indie,2018,128,54,33,-9,21,82,146,57,4,29
737,Als Het Avond Is,Suzan & Freek,dutch pop,2018,105,47,72,-7,11,45,206,53,3,65
738,De Vlieger,Andre Hazes,dutch pop,2018,105,66,40,-7,23,39,217,3,3,27
739,Geef Mij Je Angst,Andre Hazes,dutch pop,2018,140,57,34,-7,42,37,257,6,3,30
740,Natural,Imagine Dragons,modern rock,2018,100,61,70,-6,8,22,189,22,4,84
741,IJskoud,Nielson,dutch pop,2018,98,73,67,-7,37,15,210,4,5,65
742,Welterusten Mijnheer De President,Boudewijn de Groot,dutch indie,2018,131,41,55,-11,24,86,152,46,5,23
743,Jimmy,Boudewijn de Groot,dutch indie,2018,111,74,66,-10,32,89,236,23,3,32
744,Bad Liar,Imagine Dragons,modern rock,2018,178,64,38,-7,37,8,261,7,7,83
745,Sammy,Ramses Shaffy,dutch cabaret,2018,81,49,50,-8,14,76,135,76,5,23
746,High Hopes,Panic! At The Disco,baroque pop,2018,82,90,58,-3,6,68,191,19,6,87
747,Het Land Van Maas En Waal,Boudewijn de Groot,dutch indie,2018,126,60,73,-10,6,96,179,40,5,23
748,Shotgun,George Ezra,folk-pop,2018,116,74,67,-5,24,75,201,29,5,82
749,New Light,John Mayer,neo mellow,2018,124,69,83,-8,8,85,216,33,3,81
750,You Say,Lauren Daigle,ccm,2018,148,63,49,-7,9,8,275,68,3,80
751,Een Beetje Verliefd,Andre Hazes,dutch pop,2018,198,61,30,-7,15,33,251,6,3,32
752,Someone You Loved,Lewis Capaldi,pop,2018,110,41,50,-6,11,45,182,75,3,85
753,Banger Hart - Radio Mix,Rob De Nijs,dutch pop,2018,124,89,77,-9,6,97,261,7,4,16
754,Malle Babbe,Rob De Nijs,dutch pop,2018,87,38,35,-10,12,53,253,73,4,15
755,Vluchten Kan Niet Meer,Frans Halsema,dutch rock,2018,87,25,41,-13,38,32,221,74,3,17
756,Faded,Alan Walker,electro house,2018,180,63,47,-5,11,16,212,3,5,80
757,High On Life (feat. Bonn),Martin Garrix,big room,2018,128,49,41,-6,11,37,231,1,3,78
758,Het Is Koud Zonder Jou,Andre Hazes,dutch pop,2018,197,64,18,-7,12,52,241,11,4,30
759,N Vriend,Andre Hazes,dutch pop,2018,68,58,23,-7,9,49,292,8,3,31
760,Always Remember Us This Way,Lady Gaga,dance pop,2018,130,50,55,-6,76,30,210,30,4,81
761,Een Meisje Van Zestien,Boudewijn de Groot,dutch indie,2018,140,49,57,-11,17,73,179,2,5,20
762,Why Don't You Do Right,Beth Hart,blues rock,2018,106,74,63,-8,17,67,276,47,4,44
763,De Zon Op,Diggy Dex,dutch hip hop,2018,100,57,74,-8,10,57,209,51,4,52
764,Youngblood,5 Seconds of Summer,boy band,2018,120,85,60,-5,12,15,203,2,46,84
765,Prikkebeen,Boudewijn de Groot,dutch indie,2018,109,52,57,-11,13,33,252,5,3,17
766,Outlaw In 'Em,Waylon,dutch americana,2018,87,93,50,-3,37,68,217,3,8,39
767,Als De Rook Om Je Hoofd Is Verdwenen,Boudewijn de Groot,dutch indie,2018,132,71,42,-11,3,64,205,14,3,19
768,Skandal im Sperrbezirk,Spider Murphy Gang,austropop,2018,93,84,64,-8,21,89,216,42,4,26
769,Pain and Misery,The Teskey Brothers,australian americana,2018,89,34,71,-7,16,49,241,79,3,50
770,I Do,Douwe Bob,dutch americana,2018,73,25,49,-11,8,27,202,88,3,52
771,Het Laatste Rondje - Remastered,Andre Hazes,dutch pop,2018,103,76,53,-7,14,84,258,6,4,33
772,Guiding Light,Mumford & Sons,modern folk rock,2018,100,71,55,-8,8,30,218,6,5,60
773,Havana (feat. Young Thug),Camila Cabello,dance pop,2018,105,52,77,-4,13,39,217,18,3,85
774,Hou Vol Hou Vast,BLØF,dutch pop,2018,86,61,51,-5,8,23,295,0,2,12
775,One Kiss (with Dua Lipa),Calvin Harris,dance pop,2018,124,86,79,-3,8,59,215,4,11,86
776,Nothing Breaks Like a Heart (feat. Miley Cyrus),Mark Ronson,dance pop,2018,114,79,60,-6,39,24,217,1,7,79
777,Lay Your Weapons Down,Ilse DeLange,dutch americana,2018,94,68,54,-9,9,47,219,1,6,21
778,In My Blood,Shawn Mendes,canadian pop,2018,140,71,62,-7,13,49,211,6,7,82
779,Roller Coaster,Danny Vera,dutch americana,2019,97,38,40,-10,12,28,270,51,3,70
780,Arcade,Duncan Laurence,dutch pop,2019,72,33,45,-13,14,27,184,82,4,73
781,A Whiter Shade of Pale - Original Single Version,Procol Harum,album rock,2019,150,66,25,-7,9,44,249,50,3,67
782,Don't You (Forget About Me),Simple Minds,art rock,2019,111,75,67,-9,29,69,261,8,3,73
783,The Load-Out - Remastered,Jackson Browne,album rock,2019,106,32,52,-12,13,31,335,74,3,37
784,Stay - Remastered,Jackson Browne,album rock,2019,107,77,60,-8,11,72,204,10,3,36
785,Last Christmas,Wham!,dance rock,2019,108,58,74,-9,18,94,265,19,3,85
786,Time To Give,White Lies,alternative dance,2019,120,83,43,-6,14,35,455,2,5,50
787,bad guy,Billie Eilish,electropop,2019,135,43,70,-11,10,56,194,33,38,95
788,Memories,Maroon 5,pop,2019,91,32,76,-7,8,57,189,84,5,98
789,Love Like Blood,Killing Joke,alternative metal,2019,124,76,40,-8,37,49,261,10,5,37
790,Reünie,Snelle,dutch hip hop,2019,96,35,51,-9,59,51,172,67,15,71
791,About A Girl - Live Version,Nirvana,alternative rock,2019,121,76,61,-9,73,63,218,14,7,50
792,DEUTSCHLAND,Rammstein,alternative metal,2019,120,90,52,-5,10,24,322,0,4,72
793,Phantom Of The Opera,Floor Jansen,dutch pop,2019,132,87,47,-6,25,27,244,0,5,56
794,Dance Monkey,Tones and I,australian pop,2019,98,59,82,-6,15,51,209,69,9,100
795,Blauwe Dag,Suzan & Freek,dutch pop,2019,98,56,70,-7,28,51,183,25,5,68
796,Homburg - Single Version - 2009 Remaster - Mono,Procol Harum,album rock,2019,142,66,36,-8,6,38,237,10,3,32
797,Uncharted,Kensington,dutch pop,2019,139,53,59,-7,29,23,241,14,3,65
798,Despacito,Luis Fonsi,latin,2019,178,80,66,-5,7,84,229,20,15,80
799,Dancing On My Own,Calum Scott,australian pop,2019,113,17,68,-9,10,24,260,84,3,28
800,Killing In The Name,Rage Against The Machine,alternative metal,1992,89,83,47,-4,3,66,314,3,30,78
801,Fear of the Dark - 2015 Remaster,Iron Maiden,album rock,1992,110,87,31,-6,23,23,438,0,6,55
802,Bed Of Roses,Bon Jovi,glam metal,1992,165,60,NaN,-6,21,16,394,10,3,73
803,Everybody Hurts,R.E.M.,alternative rock,1992,94,32,47,-10,12,17,320,62,3,74
804,Kayleigh,Marillion,album rock,1992,106,67,56,-7,9,60,243,2,3,58
805,"Layla - Acoustic; Live at MTV Unplugged, Bray Film Studios, Windsor, England, UK, 1/16/1992; 2013 Remaster",Eric Clapton,album rock,1992,94,52,56,-12,94,64,289,32,5,70
806,I Will Always Love You,Whitney Houston,dance pop,1992,67,21,31,-13,8,11,271,84,4,77
807,Nightswimming,R.E.M.,alternative rock,1992,114,39,57,-11,10,NaN,258,80,3,62
808,Conquest of Paradise,Vangelis,cyberpunk,1992,74,30,43,-14,23,16,278,70,3,61
809,Would?,Alice In Chains,alternative metal,1992,101,83,31,-8,9,59,207,0,4,71
810,Friday I'm in Love,The Cure,dance rock,1992,136,76,53,-12,34,51,214,0,3,67
811,Sharp Dressed Man,ZZ Top,album rock,1992,125,77,65,-8,10,40,252,0,3,53
812,Man On The Moon,R.E.M.,alternative rock,1992,NaN,70,67,-8,20,66,314,42,3,67
813,Gimme All Your Lovin',ZZ Top,album rock,1992,120,79,66,-7,6,71,240,5,3,44
814,What's Up?,4 Non Blondes,new wave pop,1992,134,56,56,-10,11,45,296,16,3,78
815,Lavender,Marillion,album rock,1992,138,55,33,-6,9,23,224,31,3,51
816,Plush - 2017 Remaster,Stone Temple Pilots,alternative metal,1992,144,94,43,-5,14,47,314,1,4,61
817,Eloise,Barry Ryan,bubblegum pop,1992,131,59,43,-12,36,46,345,22,3,45
818,Harvest Moon,Neil Young,album rock,1992,113,31,65,-12,12,41,303,53,3,71
819,Drive,R.E.M.,alternative rock,1992,143,43,47,-12,23,24,271,18,3,62
820,Remedy,The Black Crowes,album rock,1992,160,98,41,-4,8,35,323,0,5,56
821,I've Got Dreams to Remember,Otis Redding,classic soul,1992,142,28,39,-13,14,40,196,50,3,49
822,Jump Around,House Of Pain,gangster rap,1992,107,71,85,-6,17,82,215,1,8,74
823,Human Touch,Bruce Springsteen,classic rock,1992,115,52,65,-14,10,45,389,0,3,58
824,Vlieg Met Me Mee - Live,Paul de Leeuw,dutch cabaret,1992,176,47,35,-14,77,56,312,77,20,40
825,In These Arms,Bon Jovi,glam metal,1992,123,92,51,-3,21,46,319,1,6,59
826,Out Of Space,The Prodigy,big beat,1992,147,87,64,-11,11,61,298,0,6,48
827,Find The River,R.E.M.,alternative rock,1992,145,44,42,-9,14,30,230,22,3,58
828,I Have Nothing,Whitney Houston,dance pop,1992,153,40,54,-10,16,24,289,58,4,73
829,Rosalyn,Vitesse,nederpop,1992,102,51,49,-13,7,67,208,1,6,39
830,Rooster,Alice In Chains,alternative metal,1992,144,55,27,-8,12,20,374,3,3,68
831,Why,Annie Lennox,europop,1992,91,47,53,-9,13,12,294,28,2,64
832,Rhythm Is A Dancer,SNAP!,diva house,1992,124,65,76,-15,9,86,332,21,3,57
833,Keep The Faith,Bon Jovi,glam metal,1992,118,97,57,-4,8,57,347,0,5,58
834,No Rain,Blind Melon,alternative metal,1992,148,48,39,-9,26,57,217,62,3,73
835,Creep,Radiohead,alternative rock,1993,92,43,52,-10,13,10,239,1,4,82
836,Proud Mary,Tina Turner,disco,1993,171,50,40,-11,11,37,327,8,7,66
837,Fields Of Gold,Sting,permanent wave,1993,104,34,65,-12,7,32,222,37,2,69
838,Eagle - Short Version,ABBA,europop,1993,86,83,41,-8,17,65,263,0,3,41
839,Linger,The Cranberries,irish rock,1993,95,43,44,-15,14,20,275,8,3,75
840,Alles Geprobeerd,Het Goede Doel,dutch pop,1993,76,56,59,-15,8,84,388,11,4,38
841,I'd Do Anything For Love (But I Won't Do That) - Single Edit,Meat Loaf,album rock,1993,105,67,42,-6,41,30,316,62,9,59
842,Shape Of My Heart,Sting,permanent wave,1993,84,37,54,-10,8,24,279,69,3,72
843,I Will Survive - Single Version,Gloria Gaynor,disco,1993,116,62,80,-13,32,64,199,2,5,60
844,Ordinary World,Duran Duran,dance rock,1993,140,65,47,-10,14,40,340,1,3,72
845,Disarm - Remastered,The Smashing Pumpkins,alternative metal,1993,130,42,53,-10,14,22,197,14,3,62
846,Mr. Jones,Counting Crows,alternative rock,1993,142,82,58,-7,28,73,272,18,4,76
847,Heart-Shaped Box,Nirvana,alternative rock,1993,203,64,26,-10,9,38,281,20,6,74
848,Daughter (Remastered),Pearl Jam,alternative rock,1993,97,70,62,-10,6,73,234,1,3,68
849,In-A-Gadda-Da-Vida - Single Version,Iron Butterfly,art rock,1993,119,53,47,-10,18,77,174,0,3,57
850,Gaia,Valensia,classical rock,1993,174,33,38,-13,21,20,331,74,3,39
851,Mull Of Kintyre - 1993 Digital Remaster,Wings,album rock,1993,93,26,33,-15,12,42,283,0,3,56
852,Cose della vita,Eros Ramazzotti,italian pop,1993,176,60,50,-9,22,47,289,6,3,48
853,Are You Gonna Go My Way,Lenny Kravitz,permanent wave,1993,129,67,62,-10,33,78,212,0,4,72
854,What's Love Got to Do with It,Tina Turner,disco,1993,98,41,85,-12,9,79,227,22,7,69
855,Rearviewmirror (Remastered),Pearl Jam,alternative rock,1993,159,96,37,-5,35,44,283,0,7,58
856,La solitudine,Laura Pausini,europop,1993,132,47,57,-6,15,26,241,74,4,57
857,Up Where We Belong,Joe Cocker,album rock,1993,139,43,57,-9,8,36,233,60,3,54
858,Rape Me,Nirvana,alternative rock,1993,112,75,42,-11,7,23,170,1,5,64
859,Round Here,Counting Crows,alternative rock,1993,94,48,31,-9,8,19,331,14,3,61
860,I Want You Back,The Jackson 5,adult standards,1993,98,54,64,-13,28,94,181,49,3,65
861,Younger Days,The Fatal Flowers,dutch indie,1993,116,85,54,-7,31,31,188,2,4,42
862,All Apologies,Nirvana,alternative rock,1993,113,63,45,-12,9,36,233,8,3,67
863,Zombie,The Cranberries,irish rock,1994,167,64,31,-9,37,31,306,2,3,80
864,Hallelujah,Jeff Buckley,alternative rock,1994,97,14,32,-10,18,8,414,93,3,73
865,Oude Maasweg,The Amazing Stroopwafels,dutch rock,1994,90,26,75,-15,12,13,206,70,4,45
866,Lightning Crashes,Live,alternative metal,1994,90,43,39,-9,11,43,326,24,4,64
867,Black Hole Sun,Soundgarden,alternative metal,1994,105,83,35,-5,8,15,319,0,4,76
868,The Man Who Sold The World,Nirvana,alternative rock,1994,115,75,48,-9,26,42,261,43,8,73
869,Basket Case,Green Day,modern rock,1994,85,94,44,-3,9,78,182,0,6,79
870,Where Did You Sleep Last Night,Nirvana,alternative rock,1994,109,59,57,-8,69,36,306,67,6,68
871,High Hopes,Pink Floyd,album rock,1994,75,41,52,-13,35,28,511,20,3,59
872,Kiss from a Rose,Seal,british soul,1994,132,53,58,-7,31,22,288,68,3,72
873,Always,Bon Jovi,glam metal,1994,141,66,38,-6,8,33,353,12,3,76
874,All I Want for Christmas Is You,Mariah Carey,dance pop,1994,150,63,34,-7,7,35,241,16,4,95
875,I Alone,Live,alternative metal,1994,90,82,40,-7,37,10,231,0,5,62
876,Sabotage,Beastie Boys,alternative rock,1994,168,94,32,-7,10,54,178,3,10,71
877,Smooth Operator - Single Version,Sade,british soul,1994,119,58,73,-7,3,96,259,24,3,66
878,Glory Box,Portishead,art pop,1994,120,43,51,-10,6,21,309,18,4,67
879,Dromen Zijn Bedrog,Marco Borsato,dutch cabaret,1994,132,86,61,-9,26,64,243,3,4,56
880,Ode To My Family,The Cranberries,irish rock,1994,94,45,36,-10,28,14,271,6,2,69
881,No Good (Start the Dance) [Remastered],The Prodigy,big beat,1994,145,99,64,-7,16,17,378,1,5,56
882,When I Come Around,Green Day,modern rock,1994,98,91,53,-4,23,81,178,2,3,75
883,Live Forever - Remastered,Oasis,britpop,1994,84,79,10,-4,36,18,277,0,4,55
884,Mmm Mmm Mmm Mmm,Crash Test Dummies,canadian rock,1994,93,57,58,-8,8,37,235,25,2,57
885,Annabel,Hans De Booij,dutch cabaret,1994,174,52,81,-14,10,59,213,6,30,45
886,Polly,Nirvana,alternative rock,1994,115,39,62,-12,91,44,196,68,4,57
887,Grace,Jeff Buckley,alternative rock,1994,128,87,55,-4,22,19,322,3,4,59
888,Stil In Mij,Van Dik Hout,dutch cabaret,1995,99,65,59,-9,13,39,245,22,3,58
889,Wonderwall - Remastered,Oasis,britpop,1995,175,87,37,-5,23,48,259,0,4,71
890,Don't Look Back In Anger - Remastered,Oasis,britpop,1995,163,92,33,-4,13,34,290,6,6,63
891,Streets of Philadelphia - Single Edit,Bruce Springsteen,classic rock,1995,94,29,74,-13,9,44,195,29,3,70
892,Earth Song,Michael Jackson,pop,1995,138,44,50,-8,9,14,406,48,3,63
893,Street Spirit (Fade Out),Radiohead,alternative rock,1995,138,45,49,-12,18,13,254,31,3,62
894,Man in the Mirror,Michael Jackson,pop,1995,100,80,79,-6,11,27,319,43,4,64
895,Aan De Kust,BLØF,dutch pop,1995,78,31,51,-10,13,22,223,93,5,47
896,Beat It,Michael Jackson,pop,1995,139,80,76,-6,17,91,258,3,4,60
897,Margherita,Marco Borsato,dutch cabaret,1995,119,25,54,-12,14,14,250,52,4,52
898,Vivo per lei,Andrea Bocelli,adult standards,1995,136,46,53,-6,18,29,266,70,3,64
899,Circle Of Life,Elton John,glam rock,1995,160,61,28,-8,11,16,290,28,4,54
900,They Don't Care About Us,Michael Jackson,pop,1995,90,91,86,-6,32,73,284,21,13,69
901,Champagne Supernova - Remastered,Oasis,britpop,1995,150,80,29,NaN,36,12,448,47,4,63
902,You Do Something To Me,Paul Weller,britpop,1995,73,34,44,-13,11,30,219,48,3,58
903,Lemon Tree,Fools Garden,german pop rock,1995,143,48,66,-9,12,64,191,64,4,73
904,Weak,Skunk Anansie,british alternative rock,1995,94,77,53,-6,26,45,212,1,3,24
905,Ik Leef Niet Meer Voor Jou,Marco Borsato,dutch cabaret,1995,150,82,55,-9,4,57,217,2,5,60
906,Gangsta's Paradise,Coolio,g funk,1995,80,51,65,-10,40,39,241,7,6,80
907,Con Te Partirò,Andrea Bocelli,adult standards,1995,135,37,24,-8,9,30,251,84,3,66
908,Don't Speak,No Doubt,alternative rock,1995,76,71,52,-7,18,54,264,25,4,67
909,Heaven For Everyone - Remastered 2011,Queen,glam rock,1995,110,43,60,-10,17,27,336,29,3,49
910,Fake Plastic Trees,Radiohead,alternative rock,1995,74,23,45,-13,20,13,291,17,3,70
911,Too Much Love Will Kill You - 2011 Remaster,Queen,glam rock,1995,73,40,41,-8,16,21,NaN,58,3,49
912,1979 - Remastered 2012,The Smashing Pumpkins,alternative metal,1995,127,79,77,-10,5,96,266,2,3,74
913,Avalon,Roxy Music,album rock,1995,137,49,76,-11,21,88,257,67,3,46
914,You Don't Fool Me - Remastered 2011,Queen,glam rock,1995,122,83,59,-6,38,58,325,10,4,45
915,Can You Feel The Love Tonight,Elton John,glam rock,1995,123,36,30,-9,10,15,240,81,3,58
916,Dear Mama,2Pac,g funk,1995,84,54,77,-7,13,32,280,37,10,72
917,Diane,Therapy?,alternative metal,1995,124,NaN,42,-12,25,4,300,68,4,44
918,Stranger in Moscow,Michael Jackson,pop,1995,130,47,80,-9,32,59,344,25,4,58
919,An American Trilogy,Elvis Presley,adult standards,1995,84,13,21,-14,96,17,272,73,3,31
920,Secret Garden,Bruce Springsteen,classic rock,1995,87,33,52,-14,12,12,267,NaN,3,61
921,"Tonight, Tonight - Remastered 2012",The Smashing Pumpkins,alternative metal,1995,149,67,29,-9,24,22,255,0,4,68
922,Bullet With Butterfly Wings - Remastered 2012,The Smashing Pumpkins,alternative metal,1995,122,72,40,-9,5,48,258,0,6,71
923,A Winter's Tale - 2011 Remaster,Queen,glam rock,1995,54,56,36,-6,31,14,230,18,3,29
924,Gold,Prince,funk,1995,90,86,53,-3,13,44,443,0,3,46
925,High And Dry,Radiohead,alternative rock,1995,88,38,42,-12,9,35,257,7,3,72
926,Fairground,Simply Red,british soul,1995,123,73,72,-6,8,62,333,21,4,56
927,Avond,Boudewijn de Groot,dutch indie,1996,98,37,48,-15,12,17,277,66,4,40
928,She - Tous les visages de l’amour,Charles Aznavour,chanson,1996,132,39,35,-10,15,36,153,22,3,60
929,Insomnia,Faithless,big beat,1996,127,58,79,-10,17,26,527,18,4,55
930,Jesus to a Child,George Michael,dance rock,1996,174,42,53,-12,8,19,411,31,3,62
931,Down Under,Men At Work,album rock,1996,107,79,75,-5,5,89,221,5,3,74
932,Jump,Van Halen,album rock,1996,130,82,55,-7,6,77,240,7,3,57
933,Het Is Een Nacht... (Levensecht),Guus Meeuwis,dutch pop,1996,138,62,63,-7,16,50,225,54,3,58
934,Where the Wild Roses Grow - 2011 - Remaster,Nick Cave & The Bad Seeds,art rock,1996,155,47,34,-11,10,16,237,38,3,59
935,Beautiful Noise,Neil Diamond,adult standards,1996,127,35,53,-15,15,73,193,12,3,57
936,Yesterday When I Was Young,Charles Aznavour,chanson,1996,68,51,33,-9,37,29,215,40,6,53
937,De Waarheid,Marco Borsato,dutch cabaret,1996,61,36,34,-11,33,9,312,11,3,50
938,Wereld Zonder Jou,Marco Borsato,dutch cabaret,1996,121,36,57,-10,17,9,236,51,3,55
939,Wannabe,Spice Girls,dance pop,1996,110,86,77,-6,16,89,173,10,3,80
940,Hedonism (Just Because You Feel Good),Skunk Anansie,british alternative rock,1996,81,54,56,-9,16,31,207,9,3,32
941,Killing Me Softly With His Song,Fugees,east coast hip hop,1996,92,29,77,-17,57,51,299,3,14,74
942,You Have Been Loved,George Michael,dance rock,1996,137,24,61,-16,11,16,331,24,3,53
943,Children,Robert Miles,eurodance,1996,137,76,60,-11,6,39,243,0,3,67
944,No Diggity,Blackstreet,boy band,1996,89,65,87,-5,28,67,305,30,29,76
945,"Casser la voix - Live ""Si Ce Soir""",Patrick Bruel,chanson,1996,135,72,27,-10,84,34,455,2,6,35
946,Beautiful Goodbye,Amanda Marshall,canadian pop,1996,99,29,49,-8,18,4,317,65,3,37
947,Ain't Nobody,Chaka Khan,dance pop,1996,104,88,80,-7,14,82,281,19,4,70
948,A Long December,Counting Crows,alternative rock,1996,71,58,39,-7,22,38,295,47,3,63
949,Novocaine For The Soul,Eels,alternative rock,1996,169,72,41,-8,8,31,189,0,4,54
950,Per Spoor (Kedeng Kedeng),Guus Meeuwis,dutch pop,1996,126,88,58,-7,15,79,253,20,5,49
951,Bitter Sweet Symphony,The Verve,alternative rock,1997,171,92,36,-6,41,52,357,3,5,78
952,Zeg Me Dat Het Niet Zo Is,Frank Boeijen,dutch cabaret,1997,70,13,35,-14,17,29,161,85,4,48
953,Du hast,Rammstein,alternative metal,1997,125,92,64,-6,33,72,234,0,4,67
954,"Take Me Home, Country Roads",John Denver,adult standards,1997,164,43,26,-13,19,55,198,55,3,77
955,Karma Police,Radiohead,alternative rock,1997,75,51,36,-9,17,32,264,6,3,74
956,Everlong,Foo Fighters,alternative metal,1997,158,88,41,-6,8,36,251,0,4,77
957,Op Fietse,Skik,dutch indie,1997,104,86,53,-5,24,86,291,19,3,46
958,Paranoid Android,Radiohead,alternative rock,1997,164,85,25,-7,5,19,387,4,6,67
959,Lopen Tot De Zon Komt,Acda en de Munnik,dutch cabaret,1997,100,33,43,-9,14,36,206,89,3,49
960,Into My Arms - 2011 Remastered Version,Nick Cave & The Bad Seeds,art rock,1997,94,9,48,-18,11,22,256,89,4,65
961,Engel,Rammstein,alternative metal,1997,96,66,64,-6,30,33,264,1,3,60
962,k Heb Je Lief,Paul de Leeuw,dutch cabaret,1997,136,37,53,-12,9,22,284,73,4,54
963,Chan Chan,Buena Vista Social Club,latin jazz,1997,166,50,40,-12,10,68,257,83,4,68
964,Firestarter,The Prodigy,big beat,1997,142,95,53,-5,16,38,280,0,8,64
965,The Unforgiven II,Metallica,alternative metal,1997,133,88,49,-5,27,25,396,0,4,55
966,Smack My Bitch Up,The Prodigy,big beat,1997,136,99,61,-5,11,23,343,0,15,65
967,You'll Never Walk Alone,Gerry & The Pacemakers,adult standards,1997,113,37,47,-5,19,22,160,25,3,55
968,Good Riddance (Time of Your Life),Green Day,modern rock,1997,95,43,48,-8,16,65,153,18,3,75
969,Candle In The Wind 1997,Elton John,glam rock,1997,126,31,45,-8,17,37,250,98,3,53
970,No Surprises,Radiohead,alternative rock,1997,76,39,26,-11,11,12,229,6,3,71
971,Als Het Vuur Gedoofd Is,Acda en de Munnik,dutch cabaret,1997,92,64,56,-8,14,61,234,49,3,42
972,Little Green Bag,George Baker Selection,classic uk pop,1997,103,61,71,-14,8,88,195,4,3,44
973,Beds Are Burning - Remastered,Midnight Oil,australian rock,1997,119,50,75,-9,9,34,258,1,4,63
974,"My Heart Will Go On - Love Theme from ""Titanic""",Céline Dion,canadian pop,1997,99,28,43,-12,12,4,280,73,3,75
975,t Dondert En 't Bliksemt,Guus Meeuwis,dutch pop,1997,121,95,70,-4,9,89,192,64,7,50
976,Breathe,The Prodigy,big beat,1997,130,82,68,-6,4,32,335,1,5,66
977,The Memory Remains,Metallica,alternative metal,1997,144,90,43,-4,21,60,279,0,4,51
978,N'oubliez Jamais,Joe Cocker,album rock,1997,87,49,59,-8,6,35,283,14,2,35
979,Tell Him,Barbra Streisand,adult standards,1997,76,40,34,-9,11,7,291,76,4,47
980,Mooi Liedje,Acda en de Munnik,dutch cabaret,1997,177,21,49,-11,10,22,179,96,4,42
981,Can't Stand Losing You,The Police,album rock,1997,142,63,76,-10,4,93,181,35,31,45
982,Songbird,Eva Cassidy,adult standards,1997,153,23,38,-12,13,15,225,85,3,61
983,Hier Komt De Storm,Frank Boeijen Groep,dutch cabaret,1997,89,77,41,-8,24,43,388,51,4,31
984,The Drugs Don't Work,The Verve,alternative rock,1997,77,52,44,-9,15,18,305,18,3,64
985,Around the World,Daft Punk,electro,1997,121,80,96,-5,9,84,430,0,15,70
986,Somebody to Love,George Michael,dance rock,1998,110,86,33,-7,97,38,319,5,5,57
987,Nobody's Wife,Anouk,dutch indie,1998,98,91,51,-7,17,46,206,1,4,33
988,Als Ze Er Niet Is,De Dijk,dutch indie,1998,166,49,38,-12,11,21,211,24,6,50
989,Careless Whisper,George Michael,dance rock,1998,153,63,57,-9,27,79,300,13,4,76
990,Whiskey In The Jar,Metallica,alternative metal,1998,133,97,51,-4,19,53,305,0,4,61
991,Don't Let the Sun Go Down on Me,George Michael,dance rock,1998,135,55,44,-8,54,26,347,49,3,66
992,The Whole of the Moon,The Waterboys,art rock,1998,106,85,54,-6,60,60,299,7,3,59
993,Liefs Uit Londen,BLØF,dutch pop,1998,77,13,44,-19,18,13,239,81,4,51
994,Narcotic - Long Version,Liquido,german alternative rock,1998,102,59,59,-7,8,36,278,0,3,42
995,New Year's Day,U2,irish rock,1998,133,80,52,-6,61,63,257,0,3,58
996,Cowboys and Angels,George Michael,dance rock,1998,128,51,57,-13,13,28,435,4,3,43
997,Zelfs Je Naam Is Mooi,Henk Westbroek,alternative pop rock,1998,94,46,56,-7,21,45,270,38,2,49
998,Toen Ik Je Zag - Single Version,Hero,pop,1998,81,20,37,-14,30,14,205,71,4,47
999,"I Don't Want to Miss a Thing - From ""Armageddon"" Soundtrack",Aerosmith,album rock,1998,121,66,38,-5,25,14,299,17,3,76
1000,Fields Of Gold,Eva Cassidy,adult standards,1998,80,9,46,-15,8,31,282,97,3,62
1001,A Different Corner,George Michael,dance rock,1998,99,29,27,-10,11,15,244,86,3,58
1002,Teardrop,Massive Attack,big beat,1998,77,42,62,-9,14,22,331,2,4,69
1003,Faith,George Michael,dance rock,1998,96,50,92,-10,7,56,194,1,10,46
1004,Father Figure,George Michael,dance rock,1998,102,39,48,-11,8,25,340,23,3,51
1005,Niet Of Nooit Geweest,Acda en de Munnik,dutch cabaret,1998,122,51,48,-10,17,51,242,38,4,54
1006,Is Dit Nu Later,Stef Bos,christelijk,1998,134,51,41,-9,69,38,257,52,4,39
1007,De Bestemming,Marco Borsato,dutch cabaret,1998,109,50,27,-9,10,13,266,28,3,50
1008,Freak On a Leash,Korn,alternative metal,1998,103,90,35,-6,39,53,256,0,5,73
1009,Onderuit,De Dijk,dutch indie,1998,118,57,68,-9,9,65,313,10,3,35
1010,Non non rien n'a changé,Les Poppys,alternative pop rock,1998,84,48,50,-8,20,47,190,48,9,50
1011,I'm Not so Tough,Ilse DeLange,dutch americana,1998,117,58,73,-8,10,55,268,2,3,40
1012,Killer / Papa Was a Rollin' Stone,George Michael,dance rock,1998,122,98,71,-7,76,58,255,3,5,51
1013,I Knew You Were Waiting (For Me),George Michael,dance rock,1998,108,84,72,-5,24,68,238,26,5,63
1014,If You Tolerate This Your Children Will Be Next,Manic Street Preachers,alternative rock,1998,96,80,22,-6,9,26,291,0,4,37
1015,Praying for Time,George Michael,dance rock,1998,128,80,57,-8,9,21,281,2,3,45
1016,Hilversum 3,Herman van Veen,dutch pop,1998,91,22,69,-15,11,47,233,92,6,39
1017,The Reflex,Duran Duran,dance rock,1998,127,90,56,-6,57,80,267,12,10,50
1018,World of Hurt,Ilse DeLange,dutch americana,1998,99,47,87,-10,13,64,234,62,4,40
1019,As,George Michael,dance rock,1998,93,74,67,-8,20,77,282,14,19,61
1020,Pure Morning,Placebo,alternative rock,1998,81,90,39,-7,11,20,255,4,7,60
1021,She's The One,Robbie Williams,dance pop,1998,167,61,24,-8,22,33,258,66,3,68
1022,Ik Heb Je Lief,Stef Bos,christelijk,1998,131,48,30,-12,73,24,231,77,6,44
1023,Pretty Fly (For A White Guy),The Offspring,alternative metal,1998,143,90,72,-4,7,96,189,9,10,72
1024,I Can't Make You Love Me,George Michael,dance rock,1998,116,19,56,-13,11,12,321,73,3,53
1025,Praise You,Fatboy Slim,big beat,1998,110,89,60,-9,17,53,323,10,5,44
1026,Sacrifice,Anouk,dutch indie,1998,136,17,54,-13,9,24,238,74,5,11
1027,Toveren,Herman van Veen,dutch pop,1998,145,28,81,-15,21,81,206,58,3,44
1028,Kissing a Fool,George Michael,dance rock,1998,117,27,39,-14,11,17,275,17,3,56
1029,Hijo de la Luna,Mecano,latin,1998,179,54,45,-7,6,61,266,68,3,62
1030,"Slaap Zacht , Elisabeth",Acda en de Munnik,dutch cabaret,1998,174,38,44,-11,10,19,263,36,3,37
1031,Angels,Robbie Williams,dance pop,1999,150,59,44,-7,10,25,266,15,3,50
1032,Tears in Heaven,Eric Clapton,album rock,1999,154,24,50,-12,13,31,272,84,3,61
1033,Californication,Red Hot Chili Peppers,alternative rock,1999,96,77,59,-3,13,33,330,0,3,81
1034,Harder Dan Ik Hebben Kan,BLØF,dutch pop,1999,90,40,62,-10,15,35,254,9,2,57
1035,Learn to Fly,Foo Fighters,alternative metal,1999,136,92,47,-4,26,54,235,0,4,74
1036,Total Eclipse of the Heart,Bonnie Tyler,europop,1999,130,66,44,-8,10,18,270,20,7,75
1037,Scar Tissue,Red Hot Chili Peppers,alternative rock,1999,89,72,60,-5,11,55,216,8,3,77
1038,Otherside,Red Hot Chili Peppers,alternative rock,1999,123,80,46,-3,8,51,255,0,6,78
1039,"You'll Be In My Heart - From ""Tarzan""/Soundtrack Version",Phil Collins,mellow gold,1999,97,74,57,-6,9,66,258,6,3,62
1040,Let Me Entertain You,Robbie Williams,dance pop,1999,125,96,46,-5,9,37,261,0,7,44
1041,Road Trippin',Red Hot Chili Peppers,alternative rock,1999,204,47,NaN,-8,12,39,205,31,4,62
1042,Jesus He Knows Me,Genesis,album rock,1999,95,87,60,-7,8,65,256,57,4,18
1043,The Family Tree,Venice,alternative rock,1999,127,10,34,-16,10,26,205,81,3,41
1044,Porcelain,Moby,downtempo,1999,95,64,30,-8,25,33,241,0,3,54
1045,Unintended,Muse,modern rock,1999,139,28,49,-12,11,16,237,65,3,61
1046,LA Song,Beth Hart,blues rock,1999,130,62,77,-8,9,51,217,10,4,41
1047,The Dolphin's Cry,Live,alternative metal,1999,150,79,34,-6,14,43,264,0,4,56
1048,All Star,Smash Mouth,alternative rock,1999,104,87,73,-6,9,78,200,4,3,80
1049,Why Does My Heart Feel So Bad?,Moby,downtempo,1999,98,62,60,-7,8,5,265,0,3,45
1050,Il Volo,Zucchero,classic italian pop,1999,150,40,45,-12,6,17,332,3,3,24
1051,The Next Episode,Dr. Dre,g funk,1999,95,91,92,-2,9,31,162,3,27,70
1052,Geen Kind Meer,Karin Bloemen,dutch cabaret,1999,77,17,50,-16,14,25,263,95,3,38
1053,All The Small Things,blink-182,pop punk,1999,149,90,43,-5,61,68,167,1,5,79
1054,Run To The Water,Live,alternative metal,1999,181,85,15,-5,9,NaN,268,0,5,48
1055,Hart Van Mijn Gevoel,De Kast,dutch pop,1999,140,43,44,-10,14,26,269,54,3,44
1056,Smooth (feat. Rob Thomas),Santana,blues rock,1999,116,92,61,-4,30,96,295,16,3,70
1057,My Name Is,Eminem,detroit hip hop,1999,86,68,87,-6,9,82,NaN,4,32,72
1058,Desert Rose,Sting,permanent wave,1999,112,65,58,-8,11,13,286,1,3,52
1059,Hey Boy Hey Girl,The Chemical Brothers,alternative dance,1999,127,92,63,-5,11,36,290,12,5,65